movie_year;movie_title;bechdel_test;bechdel_test_binary;budget;US_profit;Int_Profit
2013;21 & Over;2;0;13000000;25682380;42195766
2012;Dredd 3D;5;1;45658735;13611086;41467257
2013;12 Years a Slave;2;0;20000000;53107035;158607035
2013;2 Guns;2;0;61000000;75612460;132493015
2013;42;3;0;40000000;95020213;95020213
2013;47 Ronin;3;0;225000000;38362475;145803842
2013;A Good Day to Die Hard;2;0;92000000;67349198;304249198
2013;About Time;5;1;12000000;15323921;87324746
2013;Admission;5;1;13000000;18007317;18007317
2013;After Earth;2;0;130000000;60522097;244373198
2013;American Hustle;5;1;40000000;148430908;249484909
2013;August: Osage County;5;1;25000000;37304874;50304874
2013;Beautiful Creatures;5;1;50000000;19452138;55940671
2013;Blue Jasmine;5;1;18000000;33345833;68447831
2013;Captain Phillips;2;0;55000000;107136417;218743570
2013;Carrie;5;1;30000000;35266619;85001659
2013;Cloudy with a Chance of Meatballs 2;1;0;78000000;119640264;271725448
2013;Despicable Me 2;5;1;76000000;368065385;970766005
2013;Don Jon;4;0;5500000;24477704;26377704
2013;Elysium;5;1;120000000;93050117;286192091
2013;Ender's Game;3;0;110000000;61737191;89737191
2013;Epic;5;1;100000000;107518682;268418682
2013;Escape from Planet Earth;5;1;40000000;57012977;66454811
2013;Escape Plan;3;0;70000000;25213103;103813103
2013;Evil Dead;5;1;17000000;54239856;97402049
2013;Fast and Furious 6;5;1;160000000;238679850;788128122
2013;Frozen;5;1;150000000;393050114;1004550114
2013;G.I. Joe: Retaliation;5;1;140000000;122523060;371923060
2013;Gangster Squad;2;0;60000000;46000903;104100903
2013;Gloria;5;1;30000000;4167493;4967493
2013;Gravity;1;0;110000000;271814796;708714796
2013;Grown Ups 2;3;0;80000000;133668525;247023808
2013;Hansel & Gretel: Witch Hunters;5;1;50000000;55703475;225703475
2013;Her;3;0;23000000;25000178;33029713
2013;Identity Thief;3;0;35000000;134506920;176269721
2013;Insidious: Chapter 2;3;0;5000000;83586447;161911222
2013;Iron Man 3;4;0;200000000;408992272;1212692272
2013;Jack the Giant Slayer;1;0;195000000;65187603;197387603
2013;Kick-Ass 2;5;1;28000000;28795985;60839197
2013;Last Vegas;2;0;28000000;63914167;112914167
2013;The Butler;5;1;30000000;116632095;151513429
2013;Machete Kills;5;1;2000000;8008161;9408161
2013;Mama;5;1;15000000;71628180;148041253
2013;Man of Steel;5;1;225000000;291045518;687999518
2013;Nebraska;5;1;12000000;17482517;17482517
2013;Now You See Me;2;0;75000000;117723989;351723989
2013;Oblivion;3;0;120000000;89107235;287537983
2013;Olympus Has Fallen;2;0;70000000;98927592;150562164
2013;Oz the Great and Powerful;5;1;200000000;234770996;489570996
2013;Pacific Rim;2;0;190000000;101802906;411002906
2013;Pain & Gain;2;0;26000000;49875291;81275291
2013;Parker;5;1;35000000;17616641;46346651
2013;Peeples;4;0;15000000;9177065;9177065
2013;Percy Jackson: Sea of Monsters;5;1;90000000;68559554;200859554
2013;Prisoners;5;1;46000000;61002302;113402302
2013;R.I.P.D.;2;0;130000000;33618855;79019947
2013;Red 2;5;1;84000000;53262560;137162560
2013;Riddick;2;0;38000000;42025135;92425135
2013;Runner Runner;1;0;30000000;19316646;62616646
2013;Rush;2;0;38000000;26947624;43047624
2013;Safe Haven;5;1;28000000;71399120;93943623
2013;Saving Mr. Banks;5;1;35000000;82834332;100734332
2013;Side Effects;5;1;30000000;32172757;60288363
2013;Star Trek Into Darkness;2;0;190000000;228778661;466978661
2013;Texas Chainsaw 3D;5;1;20000000;34341945;39093317
2013;The Big Wedding;5;1;32500000;21819348;35770721
2013;The Book Thief;5;1;19000000;21345525;62045525
2013;The Call;5;1;13000000;51872378;58938768
2013;The Conjuring;5;1;20000000;137400141;318000141
2013;The Counselor;5;1;25000000;16973715;70373715
2013;The Croods;3;0;135000000;187168425;573068425
2013;The Family;3;0;30000000;36918811;51078541
2013;The Fifth Estate;2;0;26000000;3254172;6154172
2013;The Frozen Ground;1;0;19200000; ; 
2013;The Great Gatsby;4;0;190000000;144840419;351040419
2013;The Hangover part 3;3;0;103000000;112200072;362000072
2013;The Heat;5;1;43000000;159581587;230781587
2013;The Hobbit: The Desolation of Smaug;2;0;250000000;257397516;937397516
2013;The Host;4;0;50000000;26623701;58188384
2013;The Hunger Games: Catching Fire;5;1;130000000;424088260;857088260
2013;The Incredible Burt Wonderstone;2;0;32000000;22537881;24255957
2013;The Internship;2;0;58000000;44672764;93672764
2013;The Last Exorcism Part II;5;1;4000000;15179303;18541236
2013;The Lone Ranger;2;0;275000000;89289910;259989910
2013;The Mortal Instruments: City of Bones;5;1;60000000;31165421;75965567
2013;The Purge;4;0;3000000;64473115;91100541
2013;The Smurfs 2;5;1;110000000;71017784;348545841
2013;The To Do List;5;1;1500000;3491669;3491669
2013;The Way Way Back;5;1;5000000;21502690;26161443
2013;The Wolf of Wall Street;2;0;100000000;115702857;365702857
2013;The Wolverine;5;1;115000000;132556852;416456852
2013;The World's End;3;0;20000000;26004851;46578821
2013;This Is the End;2;0;32000000;101470202;126294264
2013;Thor: The Dark World;4;0;170000000;204674790;631674790
2013;Trance;1;0;16000000;2322593;22594052
2013;Turbo;4;0;135000000;83028130;283828130
2013;Warm Bodies;3;0;30000000;66380662;116643610
2013;We're the Millers;5;1;37000000;150394119;270000119
2013;White House Down;3;0;150000000;73103784;205440387
2013;World War Z;4;0;190000000;202359711;539559711
2012;Abraham Lincoln: Vampire Hunter;4;0;68488103;38068365;116804318
2012;Act of Valor;1;0;12175663;71037735;83704673
2012;Amour;4;0;9841994;6837603;26295088
2012;Anna Karenina;3;0;49717290;13003980;71771007
2012;Argo;5;1;45151416;138016721;224540219
2012;Battleship;2;0;212059460;66190353;308594933
2012;Beasts of the Southern Wild;4;0;1826349;12983057;21388640
2012;Blue Like Jazz;5;1;1217566;603728;603728
2012;Brave;5;1;187708135;240755653;562725176
2012;Bullet to the Head;1;0;55805121;9628746;13760036
2012;Chernobyl Diaries;2;0;1014639;18384886;38951995
2012;Chronicle;2;0;12175663;65520463;128935373
2012;Cloud Atlas;5;1;103493134;27505098;127863295
2012;Contraband;5;1;25365964;67501874;99847390
2012;Django Unchained;2;0;101463857;165188672;431600549
2012;Flight;4;0;31453796;95145068;164140491
2012;Frankenweenie;1;0;39570904;35804351;82338719
2012;Hannibal;5;1;88273555;167508980;355225246
2012;Hotel Transylvania;5;1;86244278;150484138;364480509
2012;Jack Reacher;2;0;60878314;81242857;220552732
2012;Jagten;3;0;3500503;697244;697244
2012;John Carter;5;1;279025606;74128153;286917566
2012;Killing Them Softly;1;0;15219578;15164322;37783896
2012;Les Miserables;5;1;65951507;150988132;448493475
2012;Life of Pi;2;0;121756628;126816653;616887080
2012;Lincoln;5;1;65951507;184875236;276997302
2012;Madagascar 3: Europe's Most Wanted;3;0;147122592;219559143;757855127
2012;Men in Black III;2;0;218147292;181641463;633967639
2012;Mirror Mirror;4;0;86244278;65885725;171080229
2012;Moonrise Kingdom;5;1;16234217;46178703;64949517
2012;Much Ado About Nothing;4;0;8117109;22879428;22879428
2012;One for the Money;5;1;42614820;26801198;36727096
2012;Paranormal Activity 4;5;1;5073193;54689359;144884139
2012;ParaNorman;2;0;60878314;56822855;109742304
2012;Parental Guidance;5;1;25365964;78398378;121927729
2012;People Like Us;5;1;16234217;12613776;12613776
2012;Pitch Perfect;5;1;17248856;65952616;117019460
2012;Premium Rush;5;1;35512350;20572249;31852752
2012;Red Dawn;2;0;65951507;45462690;48869204
2012;Red Tails;3;0;58849037;50606496;51102777
2012;Rise of the Guardians;2;0;147122592;104926572;311393491
2012;Rock of Ages;5;1;71024700;39082470;50852278
2012;Safe;2;0;33483073;17393015;42102643
2012;Safety Not Guaranteed;5;1;760979;4069672;4477791
2012;Seven Psychopaths;2;0;13697621;15243980;23836212
2012;Silent Hill: Revelation 3D;5;1;20292771;17786836;48646439
2012;Silver Linings Playbook;5;1;21307410;134026609;230644998
2012;Sinister;3;0;3043916;48790826;89012016
2012;Skyfall;4;0;202927713;308815675;1124923772
2012;Snow White and the Huntsman;5;1;172488556;157407735;406779965
2012;Sparkle;5;1;10146386;24754613;25021315
2012;Spring Breakers;5;1;5073193;14331045;31118489
2012;Step Up Revolution;5;1;33483073;35588120;167975738
2012;Supporting Characters;3;0;60878;4989;4989
2012;Ted;3;0;50731928;221866693;557487654
2012;That's My Boy;2;0;68488103;37471707;58908258
2012;The Amazing Spider-Man;3;0;223220484;265866416;768984693
2012;The Avengers;2;0;60878314;23727745;49296637
2012;The Dark Knight Rises;2;0;279025606;454699213;1095143990
2012;The Devil Inside;5;1;1014639;54041622;103248087
2012;The Dictator;2;0;65951507;60523416;182005391
2012;The Expendables 2;5;1;101463857;86272883;316546185
2012;The Grey;1;0;25365964;52335195;85574308
2012;The Hobbit: An Unexpected Journey;1;0;253659641;307439106;1029557373
2012;The Hunger Games;5;1;81171085;413983383;694530947
2012;The Impossible;3;0;40585543;19298306;172073169
2012;The Man with the Iron Fists;2;0;15219578;15862951;22306925
2012;The Master;2;0;38048946;16484994;25484413
2012;The Pirates! Band of Misfits;2;0;55805121;31505670;124857587
2012;The Place Beyond the Pines;2;0;15219578;21716836;47699629
2012;The Twilight Saga: Breaking Dawn - Part 2;4;0;138193773;296603952;844848985
2012;The Vow;5;1;8866236;126844056;200511006
2012;The Watch;3;0;55805121;34855879;68338951
2012;The Woman in Black;2;0;15219578;55128651;130843627
2012;The Words;2;0;6087831;11663106;12310182
2012;Think Like a Man;5;1;12175663;92887325;97562697
2012;To Rome With Love;3;0;21814729;16928587;75452356
2012;Total Recall;2;0;126829821;59739858;201523449
2012;Underworld: Awakening;5;1;71024700;63233330;162727662
2012;Wanderlust;5;1;32975753;17541229;24513601
2012;What to Expect When You're Expecting;5;1;38048946;41754612;81832836
2012;Won't Back Down;5;1;19278133;5388293;5510995
2012;Wrath of the Titans;2;0;152195785;84894893;306390492
2012;Wreck-It Ralph;5;1;167415363;192185407;480342759
2012;Zero Dark Thirty;5;1;53268525;97121930;139736750
2011;30 Minutes or Less;2;0;28999342;38376408;42428850
2011;50/50;3;0;8285526;36265871;42810004
2011;A Dangerous Method;4;0;20713816;5905595;15336023
2011;A Lonely Place to Die;5;1;4142763; ;458345
2011;"A Very Harold &amp; Kumar 3D Christmas";2;0;20713816;36312387;37560098
2011;Another Earth;5;1;181246;1368348;1844766
2011;Apollo 18;1;0;5178454;18318189;27464261
2011;Arthur Christmas;2;0;88033717;48120751;152893489
2011;Attack the Block;5;1;13463980;1060729;5599381
2011;Bad Teacher;5;1;19678125;103872387;224136189
2011;Battle: Los Angeles;2;0;72498355;86534481;219571833
2011;Beastly;2;0;17606743;28860115;39385487
2011;Blackthorn;2;0;4660609;207716;1294370
2011;Bridesmaids;5;1;33659951;175142277;299587165
2011;Captain America: The First Avenger;2;0;144996710;182959443;383795703
2011;Cars 2;3;0;207138157;198283907;580147769
2011;Circumstance;5;1;932122;470329;470329
2011;Colombiana;2;0;41427631;37974487;74257040
2011;Conan the Barbarian;4;0;20713816;39629760;81937729
2011;Contagion;5;1;62141447;78358394;142460919
2011;Coriolanus;3;0;10356908;776396;1087104
2011;"Cowboys &amp; Aliens";2;0;168817598;103818215;182188693
2011;Detention;5;1;10356908; ; 
2011;Diary of a Wimpy Kid: Rodrick Rules;2;0;18642434;54579387;76325433
2011;Dolphin Tale;3;0;38320559;74866751;99497492
2011;Dream House;5;1;51784539;22062637;41357557
2011;Drive;4;0;15535362;36312033;80840663
2011;Fast Five;5;1;129461348;217326947;652320815
2011;Final Destination 5;3;0;41427631;44107629;163522777
2011;Footloose;5;1;24856579;53651623;65676025
2011;Fright Night;4;0;31070724;18951742;41966863
2011;Green Lantern;2;0;207138157;120762760;239452924
2011;Hall Pass;3;0;37284868;46668987;86680344
2011;Hanna;5;1;31070724;41695999;67675862
2011;Harry Potter and the Deathly Hallows: Part 2;2;0;129461348;394609809;1375512553
2011;Haywire;1;0;23820888;19618465;22967676
2011;Hesher;2;0;7249836;396614;396614
2011;Higher Ground;5;1;1864243;871074;889847
2011;Hobo with a Shotgun;1;0;3107072;728476;864753
2011;Hop;3;0;65248520;111942955;191524428
2011;Horrible Bosses;5;1;36249178;121733603;222195609
2011;Hugo;4;0;186424342;76500789;191637196
2011;I Am Number Four;2;0;51784539;57067015;151193038
2011;Immortals;3;0;77676809;86484341;219113265
2011;In Time;2;0;36249178;38894261;176134406
2011;Iris;5;1;5696299;5779651;15695916
2011;Jin ling shi san chai;5;1;103569079;322549;97066426
2011;Johnny English Reborn;4;0;46606085;8602417;170412210
2011;Jumping the Broom;5;1;7249836;38626496;39520511
2011;Just Go with It;4;0;82855263;106705263;222647578
2011;Kill List;4;0;828553;30100;478703
2011;Killer Elite;1;0;72498355;26021717;59839216
2011;Kung Fu Panda 2;5;1;155353618;171146932;688566122
2011;Le Havre;4;0;5696299;633541;13961315
2011;Like Crazy;5;1;258923;3516575;3864669
2011;Limitless;2;0;27963651;82077930;175797590
2011;Margaret;5;1;14499671;48869;48869
2011;Margin Call;2;0;3521349;5544660;18510079
2011;Mars Needs Moms;4;0;155353618;22156282;40961320
2011;Martha Marcy May Marlene;5;1;1035691;3087434;3657064
2011;Melancholia;5;1;9735493;3139021;18688080
2011;Midnight in Paris;5;1;31070724;58844493;160342190
2011;Mission: Impossible - Ghost Protocol;2;0;150175164;216871479;719508092
2011;Moneyball;2;0;51784539;78303911;115142275
2011;Mr. Popper's Penguins;2;0;56962993;70659436;196392298
2011;New Year's Eve;5;1;26927960;56491379;148791377
2011;No Strings Attached;5;1;25892270;73184210;154554145
2011;October Baby;5;1;1035691;5547001;5547001
2011;Our Idiot Brother;5;1;5178454;25700491;26784257
2011;Paranormal Activity 3;5;1;5178454;107741677;214429259
2011;Paul;5;1;41427631;38748242;103755310
2011;Pirates of the Caribbean: On Stranger Tides;2;0;258922697;249667634;1080913060
2011;Priest;2;0;62141447;30176535;87157549
2011;Puss in Boots;2;0;134639802;154587729;574795417
2011;Rango;2;0;139818256;127656741;254266825
2011;Real Steel;2;0;113925987;88513562;303703179
2011;Red Riding Hood;5;1;43499013;39006354;93523336
2011;Red State;5;1;4142763;1103455;1103455
2011;Restless;5;1;8285526;169597;2918985
2011;Rio;2;0;93212171;148745713;504919774
2011;Rise of the Planet of the Apes;2;0;96319243;183068895;500093845
2011;Shame;2;0;6731990;4145138;11166495
2011;Snow Flower and the Secret Fan;5;1;6214145;1396324;11753231
2011;Soul Surfer;5;1;18642434;45418587;48841781
2011;Source Code;2;0;33142105;56664949;145440503
2011;Straw Dogs;5;1;25892270;10692928;11655479
2011;Sucker Punch;5;1;77676809;37691379;92961937
2011;Super 8;5;1;51784539;131537058;269379017
2011;Take Shelter;5;1;4919531;1790661;3240628
2011;The Adjustment Bureau;4;0;51991677;64726164;132354553
2011;The Adventures of Tintin;2;0;134639802;80361144;387342089
2011;The Artist;2;0;16571053;46261299;132834295
2011;The Best Exotic Marigold Hotel;5;1;10356908;48039108;139537943
2011;The Cabin in the Woods;4;0;31070724;43574905;73293915
2011;The Darkest Hour;5;1;36042039;22208829;65074228
2011;The Divide;5;1;3107072;18642;18642
2011;The Future;5;1;1035691;588958;588958
2011;The Girl with the Dragon Tattoo;2;0;93212171;106174662;241492267
2011;The Green Hornet;2;0;113925987;102305579;236120048
2011;The Guard;2;0;6214145;5551069;16513705
2011;The Help;5;1;25892270;175762513;220726425
2011;The Iron Lady;5;1;14499671;31028712;119717677
2011;The Lincoln Lawyer;2;0;41427631;60079594;90255363
2011;The Mechanic;1;0;44016858;30160867;79072292
2011;The Muppets;2;0;46606085;91789051;166717137
2011;The Rite;4;0;38320559;34227129;99475649
2011;The Roommate;5;1;16571053;38631377;41942847
2011;The Smurfs;5;1;113925987;147704169;583162839
2011;The Three Musketeers;3;0;93212171;21105217;144870266
2011;The Tree of Life;1;0;36249178;13780555;64529403
2011;The Twilight Saga: Breaking Dawn - Part 1;5;1;132050575;291326492;735276926
2011;Thor;5;1;155353618;187491749;465363438
2011;Tinker Tailor Soldier Spy;2;0;21749507;25011304;84359926
2011;Tower Heist;2;0;88033717;80832113;158947830
2011;Transformers: Dark of the Moon;5;1;201959703;364967639;1163903170
2011;War Horse;2;0;72498355;82734459;162412399
2011;Warrior;2;0;25892270;14144548;25079651
2011;We Bought a Zoo;3;0;51784539;78323650;123169061
2011;Weekend;2;0;196781;501887;1633890
2011;What's Your Number;5;1;20713816;14511151;31807187
2011;Winnie the Pooh;1;0;31070724;27645535;51935343
2011;X-Men: First Class;5;1;165710526;151633733;368093107
2011;Young Adult;5;1;12428289;16893744;23562334
2011;Your Sister's Sister;5;1;124283;1654502;3200899
2010;127 Hours;4;0;19228173;19586277;64879307
2010;Alice in Wonderland;5;1;213646368;356993585;1094287202
2010;Animal Kingdom;2;0;4486574;1115276;8629906
2010;Another Year;5;1;8545855;3424437;19768384
2010;Barney's Version;5;1;32046955;8014473;9449125
2010;Beginners;2;0;3418342;6186017;12353318
2010;Biutiful;2;0;37388114;5449304;26813941
2010;Black Swan;5;1;13887014;114252393;353869648
2010;Blue Valentine;3;0;1068232;10402326;17696585
2010;Burlesque;5;1;58752751;42131764;95774887
2010;Casino Jack;2;0;13352898;2179053;2222851
2010;Centurion;2;0;16023478;132001;7075508
2010;Charlie St. Cloud;2;0;47002201;33335524;51785833
2010;Clash of the Titans;4;0;133528980;174351340;526867848
2010;Conviction;5;1;13352898;7261515;10824983
2010;Cop Out;2;0;39524578;47937418;59724746
2010;Country Strong;5;1;16023478;21598495;21953741
2010;Cyrus;2;0;7477623;7978555;10724926
2010;Date Night;5;1;58752751;105446665;162658630
2010;Dear John;1;0;26705796;85474402;118960872
2010;Despicable Me;5;1;73707997;268675247;580578700
2010;Devil;5;1;10682318;35977680;67676882
2010;Diary of a Wimpy Kid;5;1;16023478;68370710;82205045
2010;Dinner for Schmucks;2;0;73707997;78009058;92718787
2010;Don't Be Afraid of the Dark;5;1;26705796;25687431;33703834
2010;Due Date;2;0;69435070;107399007;226186388
2010;Dylan Dog: Dead of Night;1;0;21364637;1267498;6506276
2010;Easy A;5;1;8545855;62386303;81400037
2010;"""Eat"; ; ;205846861; ;64093910
2010;Edge of Darkness;2;0;64093910;46269276;86749716
2010;Everything Must Go;2;0;5341159;2897185;2897185
2010;Fair Game;5;1;53411592;12281992;27878177
2010;Faster;1;0;12818782;24825729;38091703
2010;For Colored Girls;5;1;22432869;40304065;40611902
2010;Frozen;2;0;160234776;419868647;1073092418
2010;Get Him To The Greek;2;0;42729274;65326144;97696078
2010;Going the Distance;5;1;34183419;19019119;42718768
2010;Green Zone;1;0;106823184;37919386;104177195
2010;Grown Ups;5;1;80117388;173054825;290797736
2010;Gunless;3;0;10575495;489308;489308
2010;Harry Potter and the Deathly Hallows: Part 1;5;1;133528980;316178791;1021656625
2010;Hot Tub Time Machine;2;0;38456346;53699864;67522890
2010;How to Train Your Dragon;5;1;176258254;232427199;528636950
2010;I Am Love;5;1;10682318;5346997;16164710
2010;Inception;4;0;170917095;312539208;889393184
2010;Insidious;5;1;1602348;57694294;106685260
2010;Iron Man 2;5;1;181599413;333751233;666108069
2010;It's Kind of a Funny Story;2;0;8545855;6797830;7080589
2010;Kick-Ass;2;0;29910492;51351297;104182018
2010;Knight and Day;3;0;124983125;81637519;280028482
2010;Legion;5;1;27774028;42908822;73552139
2010;Let Me In;2;0;21364637;12962924;30199340
2010;Letters to Juliet;4;0;32046955;56650955;84535576
2010;Love and Other Drugs;3;0;32046955;34575465;109728398
2010;Machete;5;1;13352898;28408179;47356808
2010;Made In Dagenham;5;1;8545855;1170108;16711628
2010;Meek's Cutoff;3;0;2136464;1044487;1997517
2010;Megamind;1;0;138870139;158542540;343850165
2010;Monsters;1;0;534116;253492;6024539
2010;Morning Glory;5;1;42729274;33127720;64137680
2010;Nanny McPhee and the Big Bang;5;1;37388114;31189851;104472930
2010;Never Let Me Go;5;1;16023478;2600773;12294827
2010;Paranormal Activity 2;5;1;3204696;90535754;189624005
2010;"Percy Jackson &amp; the Olympians: The Lightning Thief";4;0;101482025;94825128;241919399
2010;Please Give;5;1;3204696;4308792;4882010
2010;Predators;1;0;42729274;55548791;135915826
2010;Prince of Persia: The Sands of Time;1;0;213646368;96952376;357921415
2010;Rabbit Hole;5;1;5341159;2381151;6238038
2010;Ramona and Beezus;5;1;16023478;27952425;29343924
2010;Red;3;0;64093910;96546967;209843135
2010;Remember Me;5;1;17091709;20369301;60361637
2010;Repo Men;5;1;34183419;14893296;19436733
2010;Robin Hood;4;0;224328687;112684730;344460978
2010;Salt;5;1;138870139;126383971;315890541
2010;Scott Pilgrim vs. the World;5;1;90799707;33768214;51371013
2010;Secretariat;5;1;37388114;63772921;64495830
2010;Sex and the city 2;5;1;101482025;101853441;314787390
2010;Shrek Forever After;2;0;176258254;255026238;807844640
2010;Shutter Island;2;0;85458547;136747492;317084404
2010;Skyline;4;0;10682318;22877632;84062765
2010;Somewhere;4;0;7477623;1907483;15367204
2010;Submarine;2;0;2029641;499507;4894571
2010;Super;2;0;2670580;350077;553731
2010;Takers;2;0;34183419;61684749;75403567
2010;Tangled;5;1;277740279;214524387;626605502
2010;The A-Team;1;0;117505503;82491105;189334662
2010;The Back-up Plan;5;1;37388114;40048019;80417752
2010;The Chronicles of Narnia: The Voyage of the Dawn Treader;5;1;165575935;111509464;446720616
2010;The Conspirator;4;0;26705796;12325477;16992803
2010;The Crazies;5;1;20296405;41793064;58705899
2010;The Debt;5;1;21364637;33304850;49783934
2010;The Expendables;2;0;87595011;110101079;286572606
2010;The Fighter;3;0;11750550;100004670;138082199
2010;The Ghost Writer;3;0;48070433;16601978;70003894
2010;The Illusionist;1;0;17625825;42588953;89509349
2010;The Karate Kid;4;0;42729274;188640789;383593100
2010;The Kids Are All Right;5;1;4272927;22231363;38750611
2010;The Killer Inside Me;2;0;13887014;232102;3864090
2010;The King's Speech;5;1;16023478;148267855;460216888
2010;The Last Airbender;2;0;160234776;140763246;341528548
2010;The Last Exorcism;5;1;1922817;43834199;74953449
2010;The Losers;2;0;26705796;25201119;28536765
2010;The Next Three Days;5;1;32046955;22591662;71844911
2010;The Other Guys;1;0;106823184;127354577;182599780
2010;The Runaways;5;1;10148202;3817511;5638803
2010;The Social Network;2;0;42729274;103578637;240268986
2010;The Sorcerer's Apprentice;2;0;170917095;67459899;229831139
2010;The Spy Next Door;5;1;29910492;25965625;54462053
2010;The Switch;3;0;20296405;29652476;53260400
2010;The Tempest;5;1;21364637;296908;296908
2010;The Tourist;1;0;106823184;72245755;297749724
2010;The Town;2;0;39524578;98476300;162976800
2010;The Twilight Saga: Eclipse;5;1;72639765;321037586;747325041
2010;The Wolfman;2;0;160234776;66433214;152366563
2010;Tiny Furniture;5;1;53412;418399;453089
2010;Toy Story 3;4;0;213646368;443321427;1136341723
2010;Tron Legacy;2;0;213646368;183802922;424689202
2010;True Grit;5;1;37388114;182927231;269490247
2010;Tucker and Dale vs Evil;5;1;5341159;239111;5850485
2010;Unstoppable;4;0;101482025;87128132;181077698
2010;Valentine's Day;5;1;55548056;118024294;232414484
2010;Wall Street: Money Never Sleeps;4;0;74776229;56055056;146808831
2010;Welcome to the Rileys;5;1;10682318;163287;334204
2010;Wild Target;2;0;8545855;116798;116798
2010;Winter's Bone;5;1;2136464;6977159;17232238
2010;Womb;5;1;13887014; ; 
2010;Yogi Bear;1;0;85458547;107085981;216086548
2010;You Again;5;1;21364637;27455751;35079607
2010;You Will Meet a Tall Dark Stranger;5;1;16023478;3469420;36584608
2009;(500) Days of Summer;2;0;8142987;35168338;66015966
2009;17 Again;5;1;43429264;69668214;151432312
2009;2012;2;0;217146319;180353228;856000062
2009;9;1;0;32571948;34471863;52723125
2009;A Perfect Getaway;4;0;15200242;16845625;24771466
2009;A Serious Man;3;0;7600121;10019987;32963430
2009;A Single Man;2;0;7600121;9962673;30555070
2009;Adam;3;0;3474341;2472641;3071090
2009;Adventureland;3;0;10640170;17419505;18613810
2009;Agora;2;0;76001212;672527;42335163
2009;Ajami;3;0;1085732;675172;675172
2009;All About Steve;5;1;16285974;36766024;43567433
2009;An Education;5;1;8142987;13652981;32194912
2009;"Angels &amp; Demons";1;0;162859739;144810370;532959416
2009;Armored;1;0;21714632;17359628;25689537
2009;Astro Boy;4;0;70572554;21227211;47873178
2009;Avatar;3;0;461435929;825707158;3022588801
2009;Away We Go;5;1;22800364;10262276;10974592
2009;Bruno;1;0;45600727;65203101;142000928
2009;Bride Wars;5;1;32571948;63749284;125022454
2009;Bright Star;5;1;9228719;4825683;18740466
2009;Brooklyn's Finest;2;0;18457437;29492371;42596761
2009;Brothers;5;1;28229022;30991293;48905553
2009;Capitalism: A Love Story;2;0;21714632;15594794;20760850
2009;Case 39;5;1;29314753;14398811;31814980
2009;Chloe;3;0;14114511;3338902;10504640
2009;Cloudy with a Chance of Meatballs;2;0;108573160;135575603;257131292
2009;Coco avant Chanel;5;1;24971827;6637983;55170185
2009;Coraline;5;1;65143896;81740638;136842415
2009;Daybreakers;2;0;21714632;32682233;55808316
2009;Dead Snow;3;0;868585;50749;2382117
2009;District 9;2;0;32571948;125560771;233645777
2009;Drag Me to Hell;5;1;32571948;45709979;99223368
2009;Enter the Void;2;0;17371706;366974;366974
2009;Everybody's Fine;3;0;21714632;9998368;9998368
2009;Fantastic Mr. Fox;2;0;43429264;22803533;50485349
2009;"Fast &amp; Furious";2;0;92287186;168358172;394190344
2009;Fired Up!;2;0;21714632;18708557;20203912
2009;Fish Tank;5;1;3257195;406796;6430020
2009;Friday the 13th;3;0;18457437;70574746;99562425
2009;Funny People;2;0;78715541;56300661;78042718
2009;G-Force;2;0;162859739;129676275;312028062
2009;G.I. Joe: The Rise of Cobra;2;0;190003029;163078512;328400169
2009;Gamer;2;0;54286580;22295397;38068663
2009;Get Low;2;0;7600121;9963686;10528267
2009;Harry Brown;2;0;7925841;1974599;6833747
2009;Harry Potter and the Half-Blood Prince;5;1;271432899;327846641;1014525504
2009;He's Just Not That Into You;5;1;43429264;102008450;193683923
2009;I Come with the Rain;1;0;19543169; ;681212
2009;I Love You Phillip Morris;2;0;14114511;2212134;16443063
2009;"""I Love You"; ; ; ;43429264;77564677
2009;Ice Age: Dawn of the Dinosaurs;2;0;97715844;213426283;963009937
2009;Inglourious Basterds;4;0;76001212;131190089;344146212
2009;Invictus;2;0;53200848;40705558;135164207
2009;It's Complicated;5;1;92287186;122400359;243871325
2009;Jennifer's Body;5;1;17371706;17594056;35646920
2009;"Julie &amp; Julia";5;1;43429264;102194949;137503693
2009;Knowing;2;0;54286580;86812530;203964063
2009;Law Abiding Citizen;2;0;57543775;79646802;142404318
2009;Life During Wartime;5;1;4885792;305576;305576
2009;"Micmacs (Micmacs &agrave; tire-larigot)";4;0;45600727;1367688;12764862
2009;Monsters vs Aliens;4;0;190003029;215356519;414410048
2009;Moon;2;0;5428658;5439692;11591350
2009;Mother and Child;5;1;7600121;1205715;5440068
2009;My Bloody Valentine 3D;3;0;15200242;55965069;111564348
2009;My Sister's Keeper;5;1;29857619;53418244;104960933
2009;Nine;3;0;86858528;21363903;58096258
2009;Ninja Assassin;2;0;54286580;41391219;66905911
2009;Nowhere Boy;4;0;2062890;1569280;8452669
2009;Ondine;5;1;13028779;597665;597665
2009;Paa;3;0;4668646;216308;10630704
2009;Pandorum;2;0;43429264;11216534;18493734
2009;Perrier's Bounty;1;0;7165829;899;899
2009;Planet 51;2;0;65143896;45811424;118340524
2009;Precious: Based on the Novel Push by Sapphire;5;1;10857316;51644478;74614567
2009;Public Enemies;2;0;111287489;105429554;228416195
2009;Push;5;1;41257801;34538780;48218998
2009;Sherlock Holmes;2;0;97715844;226949041;541170116
2009;Splice;5;1;32571948;18468479;24386618
2009;Star Trek;5;1;152002424;279825625;418745446
2009;State of Play;5;1;65143896;40191563;99285148
2009;Surrogates;2;0;86858528;41885106;129927709
2009;Terminator Salvation;3;0;217146319;136066564;403488847
2009;The Blind Side;3;0;38000606;277903289;331914441
2009;The Boat That Rocked;1;0;54286580;8704817;40685241
2009;The Boondock Saints II: All Saints Day;1;0;8685853;11153924;11153924
2009;The Box;5;1;27143290;16342407;28600229
2009;The City of Your Final Destination;5;1;9011572;535587;1469316
2009;The Final Destination;5;1;43429264;72176939;203449410
2009;The Fourth Kind;5;1;10857316;28465896;53729463
2009;The Girl with the Dragon Tattoo;4;0;97715844;111304636;253160295
2009;The Girlfriend Experience;4;0;1411451;755495;1092072
2009;The Good Guy;5;1;10857316;109320;109320
2009;The Hangover;2;0;38000606;301097804;509809040
2009;The Imaginarium of Doctor Parnassus;2;0;32571948;8348849;69869659
2009;The Informant!;2;0;23886095;36173125;45352277
2009;The Invention of Lying;3;0;20086035;20033106;35480909
2009;The Last Station;5;1;19543169;7185227;17041802
2009;The Lovely Bones;5;1;103144502;47896216;103029901
2009;The Men Who Stare at Goats;1;0;26057558;35208316;73122088
2009;The Messenger;2;0;7057255;1204793;1530512
2009;The Princess and the Frog;5;1;114001818;113351355;294230416
2009;The Proposal;3;0;43429264;178014415;341690283
2009;The Road;2;0;27143290;8809919;29981685
2009;The Secret of Kells;1;0;8685853;749470;2823897
2009;The Soloist;2;0;65143896;34439578;41750888
2009;The Taking of Pelham 123;1;0;119430476;71063643;165426811
2009;The Time Traveler's Wife;4;0;42343532;68851502;107125483
2009;The Ugly Truth;3;0;41257801;96538057;222824741
2009;The Unborn;5;1;17371706;46328612;84913778
2009;The Young Victoria;5;1;38000606;11944429;34611919
2009;Transformers: Revenge of the Fallen;5;1;228003635;436585563;908235868
2009;Up;2;0;190003029;318123879;794258938
2009;Up in the Air;3;0;32571948;91009693;181146433
2009;Veronika Decides to Die;5;1;9771584; ; 
2009;Watchmen;3;0;149830960;116726786;199848831
2009;Whatever Works;4;0;16285974;5761658;38116460
2009;Where the Wild Things Are;2;0;108573160;83854815;107621685
2009;Whip It;5;1;16285974;14161591;20472719
2009;Whiteout;5;1;38000606;11156585;13305365
2009;X-Men Origins: Wolverine;4;0;162859739;195304827;406960171
2009;Yesterday Was a Lie;5;1;217146; ; 
2009;Youth in Revolt;2;0;19543169;16596046;21373265
2009;Zombieland;5;1;25623266;82070762;111001503
2008;21;5;1;37878971;87835235;170836899
2008;Appaloosa;2;0;21645126;21873909;30016892
2008;Australia;3;0;140693320;53630131;232772564
2008;Baby Mama;5;1;32467689;65470243;69688090
2008;Be Kind Rewind;2;0;21645126;12094392;33435494
2008;Bedtime Stories;5;1;86580505;119158557;236319281
2008;Blindness;5;1;27056408;3326198;21702440
2008;Bolt;5;1;162338447;123435400;339778437
2008;Burn After Reading;2;0;40043484;65319955;176857711
2008;Changeling;5;1;59524097;38679626;123166807
2008;Che: Part One;2;0;62770866;317867;32595998
2008;City of Ember;5;1;41125740;8519189;12789087
2008;Cloverfield;5;1;27056408;86632922;184810452
2008;Day of the Dead;5;1;19480614; ; 
2008;Death Race;2;0;70346660;39303255;78481785
2008;Defiance;5;1;54112816;31001030;45745616
2008;"""Definitely";5; ; ;7575794;34893728
2008;Doomsday;5;1;35714458;11914311;23399667
2008;Doubt;5;1;21645126;36197653;55137666
2008;Eagle Eye;2;0;86580505;109784884;192713668
2008;Easy Virtue;5;1;15151588;2875321;13697884
2008;Fireproof;3;0;541128;36208310;36226687
2008;Fly Me to the Moon;1;0;27056408;15740274;62280329
2008;Forgetting Sarah Marshall;5;1;32467689;68368797;113824188
2008;Four Christmases;5;1;86580505;130028810;176998734
2008;Frost/Nixon;2;0;31385433;20153811;30459656
2008;Frozen River;5;1;1082256;2718061;6526145
2008;Gake no ue no Ponyo;5;1;36796715;16331680;222200929
2008;Ghost Town;2;0;21645126;14342754;28801384
2008;Gran Torino;3;0;27056408;160277075;297125986
2008;Hamlet 2;5;1;9740307;5288138;5301200
2008;Hancock;1;0;162338447;246696294;675702695
2008;"Herb &amp; Dorothy";5;1;89286146;82236872;173580993
2008;High School Musical 3: Senior Year;5;1;11904819;98008500;296963426
2008;Igor;3;0;32467689;21134953;33564393
2008;In Bruges;2;0;16233845;8442492;37374405
2008;Indiana Jones and the Kingdom of the Crystal Skull;2;0;200217418;343101064;851257517
2008;Inkheart;5;1;64935379;18726740;62826552
2008;Iron Man;3;0;201299674;344811326;630352749
2008;Journey to the Center of the Earth;2;0;48701534;110070196;260720275
2008;Jumper;2;0;89286146;87844867;241465674
2008;Kung Fu Panda;2;0;140693320;233155446;683889160
2008;"L&aring;t den r&auml;tte komma in (Let the Right One In)";2;0;4870153;2296640;13255131
2008;Made of Honor;3;0;43290252;49797572;115313044
2008;Max Payne;5;1;37878971;44034081;92816237
2008;Meet Dave;2;0;64935379;12774146;54814990
2008;Milk;2;0;21645126;34460447;62006112
2008;Miracle at St. Anna;3;0;48701534;8568101;9859851
2008;Nick and Norah's Infinite Playlist;5;1;10822563;34077322;36303849
2008;Nim's Island;5;1;40043484;51955621;101820495
2008;Pineapple Express;3;0;28138664;94525760;109902346
2008;Pontypool;1;0;1623384;4183;34541
2008;Possession;5;1;27056408;10934736;16023683
2008;Prom Night;5;1;19480614;47477881;61807319
2008;Quantum of Solace;2;0;248918952;183300049;640362486
2008;Quarantine;5;1;12987076;34298662;44688323
2008;Rachel Getting Married;5;1;12987076;13849484;14423083
2008;Revolutionary Road;5;1;48701534;24796094;86109680
2008;RocknRolla;2;0;19480614;6169538;30080599
2008;Seven Pounds;5;1;58441841;75705803;180322655
2008;Sex and the City;5;1;62229738;165203458;449403966
2008;Slumdog Millionaire;2;0;15151588;152944384;416148834
2008;Speed Racer;5;1;129870757;47560583;101076746
2008;Stargate: The Ark of Truth;4;0;7575794; ; 
2008;Step Brothers;2;0;70346660;108732985;139036162
2008;Sunshine Cleaning;5;1;5411282;13054780;17816707
2008;"""Synecdoche";4; ; ;21645126;3337178
2008;Taken;5;1;27056408;156928235;245608963
2008;The Bank Job;5;1;21645126;32533339;71583685
2008;The Brothers Bloom;4;0;21645126;3822265;5986778
2008;The Chronicles of Narnia: Prince Caspian;5;1;243507670;153270751;453996009
2008;The Curious Case of Benjamin Button;4;0;173161010;137997773;356938225
2008;The Dark Knight;4;0;200217418;577216380;1085385502
2008;The Day the Earth Stood Still;5;1;86580505;85895413;252238208
2008;The Eye;5;1;12987076;34003083;61600619
2008;The Forbidden Kingdom;2;0;59524097;56358790;139692526
2008;The House Bunny;5;1;27056408;52205219;76014858
2008;The Hurt Locker;2;0;16233845;18417633;53998338
2008;The Incredible Hulk;2;0;148810243;145895632;285085699
2008;The Lucky Ones;5;1;15151588;288927;288927
2008;The Other Boleyn Girl;5;1;43290252;29020656;84107503
2008;The Reader;2;0;35173330;37007113;122315840
2008;The Secret Life of Bees;5;1;11904819;40876996;43272961
2008;The Sisterhood of the Traveling Pants 2;5;1;29220920;47716642;47911629
2008;The Strangers;4;0;9740307;56924095;89883201
2008;The Tale of Despereaux;5;1;64935379;55062111;97925059
2008;The Women;5;1;17316101;29114940;54225162
2008;The Wrestler;2;0;6493538;28396504;50470238
2008;Three Kingdoms: Resurrection of the Dragon;2;0;21645126; ;23960711
2008;Transsiberian;5;1;16233845;2384904;6904335
2008;Tropic Thunder;1;0;97403068;119547447;203641087
2008;Twilight;5;1;40043484;208626391;430655689
2008;Valkyrie;2;0;97403068;89911432;220674342
2008;Vicky Cristina Barcelona;5;1;17316101;25126430;113100998
2008;WALL-E;2;0;194806136;242217798;576399965
2008;Waltz with Bashir;1;0;2164513;2471710;12040820
2008;Wanted;2;0;81169223;145572728;370582375
2008;"""Welcome Home";4; ; ;29762049;45927188
2008;Wendy and Lucy;5;1;324677;936904;1532525
2008;What Happens In Vegas;5;1;37878971;86880989;236511649
2008;Yes Man;2;0;54112816;105726675;244580160
2007;[Rec];5;1;2359441; ;30468201
2007;1408;5;1;25279728;80878983;147480104
2007;28 Weeks Later;5;1;16853152;32177067;72168247
2007;3:10 to Yuma;1;0;53930087;60229701;79964640
2007;30 Days of Night;3;0;33706305;44457488;90193752
2007;88 Minutes;2;0;33706305;19022584;37026824
2007;Across the Universe;5;1;50559457;27351175;32995262
2007;Atonement;5;1;33706305;57278425;146285687
2007;Becoming Jane;5;1;18538467;20969716;44228231
2007;Beowulf;5;1;168531522;92349898;219085603
2007;Blades of Glory;5;1;68536152;133246132;163581806
2007;Bridge to Terabithia;5;1;28088587;92393631;155031909
2007;Brooklyn Rules;5;1;8988348;514844;514844
2007;Charlie Bartlett;3;0;13482522;4438327;5950184
2007;Charlie Wilson's War;5;1;84265761;74896639;134277795
2007;Death at a Funeral;5;1;23594413;48019515;55028051
2007;Diary of the Dead;5;1;3089745;1070310;6060896
2007;Disturbia;5;1;22470870;90119077;132098426
2007;Eastern Promises;5;1;56177174;19303898;62207616
2007;Enchanted;5;1;95501196;143484229;382436383
2007;Fantastic Four: Rise of the Silver Surfer;4;0;134825218;148219809;323822443
2007;Gone Baby Gone;5;1;21347326;22808178;38896737
2007;Hairspray;5;1;84265761;133557691;227935344
2007;Halloween;5;1;16853152;65467925;87090800
2007;Hannibal Rising;2;0;56177174;31088139;90538854
2007;Harry Potter and the Order of the Phoenix;5;1;168531522;328080020;1059438513
2007;Hitman;1;0;19662011;44590850;112315914
2007;Hostel: Part II;5;1;8426576;19712359;37758262
2007;Hot Fuzz;2;0;17976696;26536733;91841386
2007;Hot Rod;2;0;28088587;15660322;16105323
2007;I Am Legend;5;1;168531522;288068696;657733649
2007;Into the Wild;2;0;22470870;20621917;63362472
2007;Juno;5;1;7864804;161223170;260044254
2007;Knocked Up;5;1;30897446;167140312;246229599
2007;Lars and the real Girl;5;1;14044294;6692364;11857251
2007;Live Free or Die Hard;2;0;123589783;151149634;430914277
2007;Michael Clayton;3;0;24156185;55091699;104475669
2007;Music and Lyrics;3;0;44941739;56820503;162937935
2007;No Country for Old Men;4;0;28088587;83449513;184318713
2007;No Reservations;5;1;31459218;48433689;102990511
2007;Paranormal Activity;4;0;505595;121251476;218173082
2007;Persepolis;5;1;8201867;4992356;25552185
2007;Pirates of the Caribbean: At World's End;5;1;337063045;347647302;1079721346
2007;Premonition;5;1;22470870;53764481;91525361
2007;Ratatouille;1;0;168531522;231950669;703955827
2007;Resident Evil: Extinction;5;1;50559457;56905993;164220396
2007;Rush Hour 3;2;0;202237827;157437618;284285677
2007;Shooter;2;0;67412609;52810568;107527136
2007;Shrek the Third;5;1;179766957;362589890;907071412
2007;St. Trinian's;5;1;12808396;16853;25219695
2007;Stardust;5;1;78648044;43408033;152303819
2007;Sunshine;2;0;44941739;4144258;35987783
2007;Superbad;2;0;19662011;136469216;190848721
2007;Sydney White;5;1;18538467;13361645;15321020
2007;Teeth;4;0;2247087;390519;2641047
2007;The Bucket List;2;0;50559457;105013679;195845194
2007;The Golden Compass;5;1;230326414;78769081;418222056
2007;The Kite Runner;1;0;22470870;17752075;83345293
2007;The Man from Earth;2;0;224709; ; 
2007;The Messengers;5;1;17976696;39745163;60418363
2007;The Mist;5;1;14606065;28755697;61544892
2007;The Number 23;2;0;35953391;39541053;87179297
2007;The Savages;5;1;10111891;7441321;11956776
2007;The Signal;3;0;56177;282178;456495
2007;The Simpsons Movie;5;1;81456903;205760152;592187212
2007;The Visitor;4;0;4494174;10591674;21543741
2007;There Will Be Blood;1;0;28088587;45191743;86747344
2007;TMNT;2;0;39324022;60838866;107968055
2007;Transformers;2;0;169655066;358686980;795775055
2007;Tropa de Elite;5;1;7345604;9824;16088238
2007;Waitress;5;1;1685315;21456928;24961971
2007;We Own the Night;1;0;31459218;32091974;62140782
2007;White Noise 2: The Light;2;0;11235435; ;9262006
2006;300;1;0;69347781;243427977;524918705
2006;A Scanner Darkly;2;0;23115927;6358748;8558769
2006;Akeelah and the Bee;5;1;9246371;21784947;21913233
2006;Aquamarine;5;1;13869556;21494740;26558990
2006;Bandidas;5;1;40452872; ;21266653
2006;Black Christmas;5;1;10402167;18765207;18765207
2006;Blood Diamond;2;0;115579635;66317186;198077969
2006;"""Bon Cop";2; ; ;9246371;14645442
2006;Borat: Cultural Learnings of America for Make Benefit Glorious Nation of Kazakhstan;2;0;20804334;148526717;302324822
2006;Bug;5;1;4623185;8098328;8098328
2006;Cars;2;0;80905744;282110219;533594150
2006;Casino Royale;2;0;117891227;193439856;689276488
2006;Children of Men;5;1;87840522;41091314;80270290
2006;Clerks II;4;0;5778982;27910249;29928737
2006;Crank;1;0;13869556;32175530;50768266
2006;Das Leben Der Anderen;1;0;2311593;13042765;93847250
2006;DOA: Dead or Alive;5;1;34673890;555145;8964615
2006;El laberinto del fauno (Pan's Labyrinth);5;1;18492742;43497951;100602327
2006;Eragon;2;0;115579635;86719588;288357452
2006;Fido;3;0;9246371;344554;485204
2006;Final Destination 3;5;1;28894909;62526330;130371575
2006;Flushed Away;1;0;172213656;74740347;205345335
2006;For Your Consideration;5;1;13869556;6414581;6414581
2006;Friends with Money;5;1;7512676;15451191;20247613
2006;Ice Age: The Meltdown;2;0;86684726;225762418;753462808
2006;Idlewild;5;1;17336945;14643840;14643840
2006;Inside Man;4;0;57789817;102443127;213399577
2006;Jackass Number Two;2;0;12713760;84117369;98564824
2006;Lady in the Water;3;0;86684726;48873044;84124832
2006;Last Holiday;5;1;52010836;44382535;50095967
2006;Letters from Iwo Jima;2;0;15025353;15899229;79468028
2006;Little Children;5;1;16181149;6314137;17063043
2006;Little Miss Sunshine;5;1;9246371;69221912;116216452
2006;London To Brighton;5;1;953532; ;705933
2006;Lucky Number Slevin;2;0;31206501;26000177;64141457
2006;Man of the Year;2;0;23115927;43275535;47783141
2006;Marie Antoinette;5;1;46231854;18449366;70344622
2006;Miss Potter;5;1;34673890;3473867;41482984
2006;Monster House;5;1;86684726;85137126;163276310
2006;Nacho Libre;1;0;36985483;92692547;114766488
2006;Night at the Museum;5;1;127137598;289946849;663982857
2006;Notes on a Scandal;5;1;31784400;20238130;57503632
2006;Once;3;0;173369;10917487;21956864
2006;Open Season;2;0;98242689;98364347;219487695
2006;Paris je t'aime;4;0;15025353;5614135;5614135
2006;Perfume: The Story of a Murderer;5;1;73624227;2569674;154418394
2006;Pirates of the Caribbean: Dead Man's Chest;3;0;260054178;489266869;1225855881
2006;Poseidon;3;0;184927415;70127732;209979090
2006;Quinceanera;5;1;462319;1956408;2915828
2006;Rang De Basanti;5;1;6125721;2540087;33746588
2006;Running with Scissors;5;1;13869556;7928763;10063173
2006;She's the Man;3;0;28894909;39168966;63891969
2006;Sherrybaby;4;0;2311593;230207;719837
2006;Shortbus;5;1;2311593;2294593;2294593
2006;Silent Hill;5;1;57789817;54302354;115559561
2006;Slither;5;1;17625894;9018043;14944843
2006;Smokin' Aces;4;0;19648538;41218854;64779219
2006;Snakes on a Plane;5;1;38141279;39321133;71683430
2006;Southland Tales;5;1;19648538;318283;421411
2006;Stick It;5;1;23115927;31103330;35135878
2006;Stranger Than Fiction;5;1;34673890;46734845;52282667
2006;Superman Returns;2;0;268144752;231297965;451770741
2006;Take the Lead;5;1;34673890;40154753;75578093
2006;The Ant Bully;3;0;52010836;32527039;57340095
2006;The Break Up;2;0;60101410;137316349;234562168
2006;The Da Vinci Code;2;0;144474543;251427474;887444081
2006;The Dead Girl;5;1;3814128;22971;22971
2006;The Departed;2;0;104021671;154080367;335803963
2006;The Devil Wears Prada;5;1;40452872;144174568;377426561
2006;The Fountain;4;0;40452872;11724410;17870505
2006;The Grudge 2;5;1;23115927;45242306;81765471
2006;The History Boys;2;0;4276446;3155666;15517247
2006;The Holiday;5;1;98242689;73138793;237158227
2006;The Host;5;1;57789817;30771576;67253922
2006;The Illusionist;1;0;19070640;46080031;96846559
2006;The Lake House;4;0;46231854;60482951;132720223
2006;The Painted Veil;4;0;22422449;9316281;17474248
2006;The Prestige;2;0;46231854;61361102;124705810
2006;The Pursuit of Happyness;1;0;63568799;187916346;355205844
2006;The Queen;4;0;17336945;65235123;148965821
2006;The Wind That Shakes the Barley;2;0;9593110;2114116;29669493
2006;Ultraviolet;2;0;34673890;21407734;23950486
2006;Volver;5;1;10864486;14909619;98936014
2006;We Are Marshall;2;0;75126763;50329573;50329573
2006;When a Stranger Calls;5;1;17336945;55316660;77374176
2006;Wristcutters: A Love Story;2;0;1155796;515676;531824
2006;X-Men: The Last Stand;5;1;242717233;270875277;530926095
2006;"""You";2; ; ;62413003;87611686
2006;Zoom;5;1;40452872;13857222;14454606
2006;Zwartboek;5;1;25427520;5083807;31481990
2005;AEon Flux;5;1;65616822;30849435;57209924
2005;Assault on Precinct 13;5;1;35790994;23909452;42997982
2005;Batman Begins;2;0;178954969;244981925;445357804
2005;Beauty Shop;5;1;29825828;43368365;45754431
2005;Bewitched;5;1;95442650;75534696;156477397
2005;BloodRayne;4;0;29825828;2869746;4301386
2005;Boogeyman;3;0;23860663;55777141;80163307
2005;Boynton Beach Club;5;1;3459796;3731178;3731178
2005;Brick;2;0;536865;2476430;4876515
2005;Brokeback Mountain;2;0;16583160;99073958;207704444
2005;Capote;4;0;8351232;34300335;59561080
2005;Charlie and the Chocolate Factory;5;1;178954969;246312517;566045396
2005;Chinjeolhan geumjassi;5;1;5368649;252526;28002720
2005;Cinderella Man;3;0;104986915;73550386;129491710
2005;Coach Carter;5;1;53686491;80249227;91469619
2005;Constantine;2;0;89477485;90642097;275453129
2005;Conversations with Other Women;1;0;536865;452658;1084540
2005;Corpse Bride;4;0;35790994;63659187;136925192
2005;Cursed;5;1;41756160;23019456;29962909
2005;Danny the dog;2;0;51300425;29274195;58503506
2005;Dark Water;5;1;71581988;30390244;59023039
2005;Dear Wendy;2;0;9544265;27566;532615
2005;Domino;5;1;59651656;12132195;27403019
2005;Doom;2;0;83512319;33658253;65154327
2005;Fantastic Four;2;0;104390399;184557548;394556433
2005;Flightplan;5;1;65616822;107023409;269275914
2005;Fun with Dick and Jane;5;1;167024638;131889812;240751838
2005;"""Good Night";2; ; ;8351232;37581997
2005;Hard Candy;5;1;1133381;1222429;9862884
2005;Harry Potter and the Goblet of Fire;2;0;178954969;345995160;1070044630
2005;Herbie Fully Loaded;5;1;59651656;78752930;171928818
2005;Hide and Seek;5;1;29825828;60964573;146862958
2005;Hitch;3;0;65616822;212102508;437585770
2005;Hoodwinked!;5;1;20878080;61305929;131046803
2005;Hostel;2;0;5726559;56462050;98116369
2005;"Hustle &amp; Flow";4;0;3340493;26488687;28112307
2005;Ice Princess;5;1;29825828;29087739;30699527
2005;Jarhead;1;0;85898385;74740591;115661627
2005;Junebug;5;1;1193033;3194955;4244757
2005;Just Like Heaven;5;1;69195921;57645130;120123026
2005;King Kong;1;0;246957858;260176695;656785445
2005;Kingdom of Heaven;1;0;131233644;56547877;261099301
2005;Kiss Kiss Bang Bang;2;0;17895497;5053494;15635698
2005;Lord of War;3;0;50107391;28811311;74138215
2005;Madagascar;1;0;89477485;230965870;663994001
2005;Man of the House;5;1;59651656;23502402;26365681
2005;Match Point;5;1;17895497;27547047;104974897
2005;Me and You and Everyone We Know;5;1;2386066;4635094;10051933
2005;Memoirs of a Geisha;5;1;101407816;68015836;192687798
2005;MirrorMask;5;1;4772133;1031925;1149158
2005;"Miss Congeniality 2: Armed &amp; Fabulous";5;1;71581988;57835867;120952557
2005;"Mr. &amp; Mrs. Smith";3;0;131233644;222305354;570671028
2005;Munich;2;0;89477485;56524824;155427270
2005;North Country;5;1;35790994;21861428;30093356
2005;Oliver Twist;2;0;77547153;2470676;31819291
2005;Pride and Prejudice;5;1;33404928;45779857;144259786
2005;Proof;5;1;23860663;8989900;9883481
2005;Red Eye;5;1;31018861;69066839;114001241
2005;Rent;5;1;47721325;34690477;37784099
2005;Robots;2;0;95442650;152946861;311023751
2005;Saw II;4;0;5965166;103823819;182444702
2005;Serenity;5;1;46528292;30439664;45949095
2005;Shopgirl;3;0;8947748;12269777;14028182
2005;Sin City;5;1;47721325;88408312;189398567
2005;Sisters in Law;5;1;357910;39742;39742
2005;Sky High;5;1;71581988;76281887;97384257
2005;Son of the Mask;2;0;119303313;20303541;71484662
2005;Star Wars: Episode III - Revenge of the Sith;2;0;137198810;453675396;1012883787
2005;Stealth;2;0;164638572;38316342;91167710
2005;Strangers with Candy;5;1;2386066;2472734;2478937
2005;Thank You for Smoking;2;0;8947748;29579478;47741203
2005;The 40 Year Old Virgin;3;0;31018861;130576566;211596412
2005;The Adventures of Sharkboy and Lavagirl 3-D;2;0;59651656;46740275;82827477
2005;The Amityville Horror;5;1;22071113;77825570;130250195
2005;The Ballad of Jack and Rose;5;1;1789550;849790;1343663
2005;"""The Chronicles of Narnia: The Lion";5; ; ;214745963;348020836
2005;The Constant Gardener;5;1;30422345;40061811;96730885
2005;The Descent;5;1;8351232;31048038;68038213
2005;The Devil's Rejects;5;1;8351232;20335227;24982624
2005;The Exorcism of Emily Rose;5;1;21474596;89563925;172497916
2005;The Fog;5;1;21474596;35207734;44200119
2005;The Hitchhiker's Guide to the Galaxy;2;0;53686491;60867491;124098247
2005;The Island;5;1;143163975;42733150;194486964
2005;The Jacket;3;0;34001444;7517458;18435915
2005;The Legend of Zorro;2;0;95442650;54372886;168784763
2005;The New World;4;0;35790994;15165948;31238857
2005;The Ring Two;5;1;59651656;90600996;193201845
2005;The Skeleton Key;5;1;47721325;57155491;110065560
2005;The Squid and the Whale;3;0;1789550;8795916;13351738
2005;The Wedding Date;5;1;17895497;37851356;56281383
2005;Transamerica;5;1;1193033;10755555;19748472
2005;Tristram Shandy: A Cock and Bull Story;3;0;5666907;1495363;3652785
2005;V for Vendetta;5;1;59651656;84122001;154177511
2005;Waiting...;5;1;1342162;19237114;22277835
2005;Walk the Line;5;1;34597961;142590606;223941260
2005;War of the Worlds;2;0;157480373;279504224;723976090
2005;Water;5;1;3579099;6596452;9686481
2005;White Noise;2;0;11930331;66922430;109871622
2005;"""Yours";5; ; ;53686491;63660149
2005;Zathura: A Space Adventure;1;0;77547153;33459258;69846769
2004;13 Going on 30;5;1;36995786;70464299;118928779
2004;2046;5;1;14798315;1778681;23680825
2004;50 First Dates;3;0;92489466;148941129;242105970
2004;A Cinderella Story;5;1;23430665;63433191;86407246
2004;A Home at the End of The World;4;0;8015754;1268976;1274887
2004;A Very Long Engagement;5;1;67825608;7606108;73506419
2004;Anchorman: The Legend of Ron Burgundy;3;0;30829822;103757037;110205951
2004;Around the World in 80 Days;2;0;135651216;29601758;88795016
2004;AVP: Alien vs. Predator;4;0;86323501;99002076;212779439
2004;Banlieue 13;1;0;18497893;1480098;13821985
2004;Before Sunset;1;0;2466386;7143667;13927421
2004;Bridget Jones: The Edge of Reason;5;1;61659644;49578078;325432881
2004;Catwoman;5;1;123319288;49577287;101301096
2004;Cellular;5;1;55493679;39466636;75811746
2004;Closer;5;1;43161751;41913460;142404808
2004;Collateral;1;0;73991573;123529118;268429281
2004;Connie and Carla;5;1;24663858;9924151;9924151
2004;Crash;5;1;9006109;68238010;124765870
2004;D.E.B.S.;5;1;4316175;119364;119364
2004;Dawn of the Dead;5;1;34529401;72746991;127577349
2004;Dodgeball: A True Underdog Story;5;1;36995786;140986916;206919534
2004;Ella Enchanted;5;1;43161751;28256983;28256983
2004;Eternal Sunshine of the Spotless Mind;3;0;24663858;42380545;90014995
2004;Eulogy;5;1;12331929;86973;86973
2004;Finding Neverland;5;1;30829822;63727222;141861709
2004;Flight of the Phoenix;1;0;92489466;25908371;41939879
2004;Garden State;5;1;3082982;33027761;44430462
2004;Harold and Kumar Go to White Castle;5;1;11098736;22475144;22475144
2004;Harry Potter and the Prisoner of  Azkaban;5;1;160315074;307729658;982470644
2004;Hellboy;2;0;73991573;73527840;123102194
2004;Home on the Range;5;1;135651216;61692142;94317626
2004;I Heart Huckabees;5;1;27130243;15766017;24706665
2004;"""I"; ; ; ;129485252;178567590
2004;In Good Company;2;0;32063015;56097638;78295110
2004;Kinsey;5;1;13565122;12596630;16032690
2004;Kung Fu Hustle;1;0;24663858;21093356;124558238
2004;Layer Cake;2;0;8015754;2885618;14613600
2004;Lemony Snicket's A Series of Unfortunate Events;5;1;123319288;146290116;248645124
2004;Maria Full of Grace;5;1;3946217;8052286;17808733
2004;Mean Girls;5;1;22197472;106112827;161490339
2004;Million Dollar Baby;5;1;36995786;123926269;286120974
2004;Miracle;2;0;34529401;79390606;79509747
2004;My Summer of Love;5;1;2096428;1234321;6106125
2004;Napoleon Dynamite;2;0;493277;54927590;56878201
2004;New York Minute;2;0;49327715;17287347;26163275
2004;Primer;2;0;8632;523811;697797
2004;Raising Helen;5;1;61659644;46226886;53446952
2004;Ray;4;0;49327715;92866817;153930950
2004;Resident Evil: Apocalypse;5;1;61659644;62572303;159007986
2004;Saved!;5;1;6165964;10958349;12613378
2004;Saw;3;0;1479831;68053804;127137678
2004;Secret Window;2;0;49327715;59141502;113591309
2004;Shark Tale;2;0;92489466;199052129;453599307
2004;Shaun of the Dead;5;1;6165964;16700976;37405681
2004;Shrek 2;5;1;86323501;544117065;1155511754
2004;Sideways;5;1;20964279;88176131;135496025
2004;Sky Captain and the World of Tomorrow;5;1;86323501;46565462;61327735
2004;Spanglish;5;1;92489466;51848757;67017030
2004;Spider-Man 2;2;0;246638575;460627734;966459425
2004;Team America: World Police;3;0;24663858;40417692;61998567
2004;The Aviator;2;0;135651216;126536475;264654077
2004;The Bourne Supremacy;3;0;104821395;217149789;355883988
2004;The Butterfly Effect;3;0;16031507;71432302;118444284
2004;The Chronicles of Riddick;3;0;147983145;71170953;132214001
2004;The Day After Tomorrow;5;1;154149110;230287423;686049183
2004;The Grudge;5;1;12331929;136094379;230953737
2004;The Incredibles;5;1;113453745;322407292;779510522
2004;The Life Aquatic with Steve Zissou;3;0;61659644;29604924;42923407
2004;The Notebook;4;0;36995786;99890827;126127005
2004;The Phantom of the Opera;3;0;67825608;63171287;195122925
2004;The Polar Express;2;0;209642789;240410531;393449767
2004;The Princess Diaries 2: Royal Engagement;5;1;55493679;117337605;150537624
2004;The Stepford Wives;5;1;123319288;73344915;118660249
2004;The Terminal;2;0;92489466;95047057;269667169
2004;The Village;5;1;88398934;140827568;317721828
2004;The Whole Ten Yards;2;0;36995786;20130602;32462531
2004;Troy;2;0;184978932;164382856;597064223
2004;Van Helsing;5;1;209642789;148168797;370143515
2004;Vera Drake;5;1;13565122;4629167;16467879
2004;White Chicks;5;1;24663858;85274051;137438109
2004;Wimbledon;5;1;43161751;20794820;51382801
2003;2 Fast 2 Furious;2;0;96222609;160945047;299075134
2003;21 grams;4;0;25321739;20572268;75544402
2003;Big Fish;2;0;88626087;84109786;156276743
2003;Bon voyage;5;1;25321739;2980024;10586685
2003;Bruce Almighty;5;1;102553043;307285628;612120077
2003;Charlie's Angels: Full Throttle;5;1;151930435;127639706;287654957
2003;Cold Mountain;5;1;101286957;121079205;204640944
2003;Cradle 2 the Grave;2;0;31652174;43879701;71451544
2003;Daddy Day Care;5;1;75965217;131861413;207999839
2003;Daredevil;1;0;101286957;129829011;231418562
2003;Darkness Falls;2;0;8862609;41198066;41198066
2003;Dreamcatcher;1;0;86093913;42648478;95824131
2003;Final Destination 2;5;1;32918261;59375255;114450037
2003;Finding Nemo;2;0;119012174;481783272;1147664217
2003;Freaky Friday;5;1;32918261;139551191;203615191
2003;Girl with a Pearl Earring;5;1;15193043;14730114;54798208
2003;Goodbye Lenin!;5;1;8102957;5145199;100507729
2003;Holes;3;0;25321739;85313907;91644342
2003;Hollywood Homicide;2;0;94956522;38245683;64706900
2003;House of Sand and Fog;5;1;20890435;16466075;20457336
2003;How to Lose a Guy in 10 Days;3;0;63304348;133961521;224198644
2003;Hulk;2;0;173453913;167347872;310481535
2003;Identity;2;0;35450435;66002713;104051689
2003;In the Cut;5;1;15193043;5972708;29998216
2003;Jeepers Creepers II;5;1;31652174;45102830;45102830
2003;Kill Bill: Vol. 1;5;1;69634783;88750338;228019903
2003;Lara Croft Tomb Raider: The Cradle of Life;1;0;113947826;83123367;198084062
2003;"""Legally Blonde 2: Red";5; ; ;31652174;114756967
2003;Les triplettes de Belleville;5;1;2532174;9244066;18282439
2003;Lost In Translation;4;0;5064348;56449060;142498954
2003;Love Actually;5;1;56973913;75297075;313948928
2003;Master and Commander: The Far Side of the World;1;0;170921739;118918972;269565280
2003;Mona Lisa Smile;5;1;82295652;80780273;178778023
2003;Monster;5;1;6330435;43641017;73437720
2003;Mystic River;5;1;37982609;114118990;198566990
2003;Peter Pan;5;1;126608696;61301208;120601727
2003;Pirates of the Caribbean: The Curse of the Black Pearl;3;0;158260870;386677167;803907108
2003;Pride and Prejudice;5;1;35450435;48583127;153093346
2003;S.W.A.T.;5;1;88626087;147977201;262275924
2003;Scary Movie 3;5;1;56973913;139269669;196496696
2003;Secondhand Lions;2;0;37982609;53265467;60648814
2003;Shanghai Knights;2;0;63304348;76560557;111816793
2003;Shattered Glass;3;0;7596522;2795488;3713077
2003;Sinbad: Legend of the Seven Seas;3;0;75965217;33530353;102259164
2003;Something's Gotta Give;4;0;101286957;157862359;337646706
2003;Spy Kids 3-D: Game Over;5;1;50643478;141498677;212515222
2003;Swimming Pool;5;1;9875478;12825598;28412666
2003;Terminator 3: Rise of the Machines;5;1;215234783;190366677;548289460
2003;The Core;5;1;107617391;39389560;93858357
2003;The Italian Job;2;0;75965217;134364760;223164081
2003;The Jungle Book 2;1;0;25321739;60647568;171812557
2003;The Last Samurai;1;0;177252174;140675650;578361911
2003;The League of Extraordinary Gentlemen;1;0;98754783;84150728;226965337
2003;The Lord of the Rings: The Return of the King;2;0;119012174;478385772;1445122625
2003;The Matrix Reloaded;5;1;160793043;356471453;935102616
2003;The Matrix Revolutions;5;1;139269565;176314964;537149747
2003;The Missing;5;1;82295652;34058165;48432173
2003;The School of Rock;4;0;25321739;102883716;166061455
2003;Thirteen;5;1;2532174;5825321;12035418
2003;Timeline;2;0;101286957;24664310;33808553
2003;Undead;5;1;949565;52158;290250
2003;Underworld;4;0;27853913;65799413;121175229
2003;Wrong Turn;5;1;12660870;19520239;36272829
2003;X2 (X-Men 2);5;1;158260870;272145004;516198274
2002;25th Hour;3;0;5828306;16946895;32825657
2002;28 Days Later...;5;1;10361434;58367141;107442412
2002;8 femmes;5;1;10361434;3984522;54885065
2002;8 Mile;2;0;53102348;151178596;314630213
2002;About Schmidt;2;0;38855376;84193406;137060380
2002;Adaptation;4;0;23960815;29139615;29139615
2002;All or Nothing;5;1;11656613;238643;238643
2002;Antwone Fisher;2;0;16189740;27299975;30265212
2002;Austin Powers in Goldmember;2;0;81596291;276025731;379148984
2002;Bend It Like Beckham;5;1;7253004;42149599;99379590
2002;Blade II;2;0;69939678;105786208;199896148
2002;Blue Crush;5;1;38855376;51960544;66855105
2002;Cabin Fever;5;1;1942769;27403645;39310844
2002;Carrie;5;1;38855376;45676592;110092382
2002;Catch Me If You Can;2;0;67349319;213195306;454746230
2002;Chicago;5;1;38855376;221070926;398510478
2002;Crossroads;5;1;15542151;48165989;73825215
2002;Death to Smoochy;3;0;64758961;10822278;10845911
2002;Die Another Day;3;0;183915449;208448913;559442481
2002;Drumline;2;0;25903584;73045727;73045727
2002;Equilibrium;2;0;25903584;1541287;6923858
2002;Far from Heaven;5;1;17484919;20595744;37596351
2002;Frida;3;0;15542151;33525714;72155308
2002;Funny Ha Ha;5;1;38855;99819;99819
2002;Gangs of New York;2;0;125632384;100674928;246602123
2002;Gerry;1;0;9066255;329860;329860
2002;Harry Potter and the Chamber of Secrets;5;1;129517922;339321257;1138436153
2002;High Crimes;5;1;54397527;53805898;82607955
2002;I Spy;2;0;90662545;43467687;78073173
2002;Ice Age;1;0;84186649;228453301;500089862
2002;Igby Goes Down;3;0;11656613;6187673;6187673
2002;Insomnia;2;0;59578244;87117875;147161499
2002;Lilo and Stitch;5;1;103614337;188800252;318355051
2002;Maid in Manhattan;5;1;71234857;121659935;212199853
2002;May;5;1;2266564;188500;644143
2002;Men in Black II;2;0;181325090;246626476;572168477
2002;Minority Report;2;0;132108280;170995666;464742312
2002;Mr Deeds;3;0;64758961;163572654;221824742
2002;My Big Fat Greek Wedding;5;1;6475896;312705749;456217193
2002;Panic Room;5;1;62168602;123441416;254254517
2002;Phone Booth;2;0;14246971;60311590;126716628
2002;Queen of the Damned;5;1;45331273;39254038;39254038
2002;Rabbit-Proof Fence;5;1;9066255;8029593;21845695
2002;Real Women Have Curves;5;1;3885538;7580935;7580935
2002;Red Dragon;2;0;101023979;120393928;267396769
2002;Reign of Fire;2;0;77710753;55772984;106399210
2002;Resident Evil;5;1;45331273;51962213;134423285
2002;Scooby-Doo;5;1;108795054;198543415;357850459
2002;Signs;2;0;91572563;295256424;528777236
2002;Snow Dogs;2;0;41445735;105104690;151403896
2002;Solaris;2;0;60873423;19388882;19388882
2002;Spider-Man;2;0;180029911;522872106;1064074398
2002;Spirit: Stallion of the Cimarron;1;0;103614337;94826948;137956416
2002;Spun;5;1;5828306;531336;1324514
2002;Spy Kids 2: Island of Lost Dreams;5;1;49216810;111186338;155060534
2002;Star Trek: Nemesis;2;0;77710753;56022212;87182173
2002;Star Wars: Episode II - Attack of the Clones;4;0;148945610;402382056;850538512
2002;The Adventures of Pluto Nash;3;0;129517922;5713168;9189290
2002;The Banger Sisters;5;1;12951792;39252065;49303870
2002;The Bourne Identity;2;0;77710753;157324072;276261727
2002;The Dangerous Lives of Altar Boys;2;0;15542151;2304492;2304492
2002;The Good Girl;5;1;10361434;18156206;21831701
2002;The Hours;5;1;32379480;53977881;125671845
2002;The Importance of Being Earnest;5;1;19427688;10851194;10851194
2002;The Lord of the Rings: The Two Towers;2;0;121746846;443662324;1200694576
2002;The Powerpuff Girls;5;1;32379480;14780124;21274227
2002;The Quiet American;3;0;25903584;16821330;34125645
2002;The Ring;5;1;62168602;167199897;321487424
2002;The Rules of Attraction;4;0;5180717;8452031;15281897
2002;The Santa Clause 2;2;0;84186649;180322432;223840454
2002;The Sweetest Thing;5;1;55692706;31641581;57808305
2002;The Transporter;1;0;27198764;32763432;56895840
2002;The Tuxedo;1;0;77710753;65517936;135255080
2002;Treasure Planet;2;0;129517922;49372949;118897452
2002;Tuck Everlasting;5;1;19427688;24818223;25054743
2002;Two Weeks Notice;5;1;77710753;120911349;257796757
2002;We Were Soldiers;5;1;90662545;101179654;148502998
2002;Whale Rider;5;1;5569271;26913392;51667906
2002;White Oleander;5;1;20722867;21186244;28050694
2002;xXx;2;0;90662545;183824786;346071886
2001;A Beautiful Mind;2;0;102635985;224626742;418002230
2001;A Knight's Tale;3;0;53949684;73797860;132403823
2001;Along Came A Spider;5;1;36843687;97449838;138373157
2001;American Outlaws;2;0;46054609;17454678;17454678
2001;Antitrust;3;0;39475379;14428526;23507863
2001;Artificial Intelligence: AI;2;0;118426136;103447452;310408061
2001;Atlantis: The Lost Empire;2;0;118426136;110600487;244811851
2001;Black Hawk Down;1;0;125005366;142951853;210128869
2001;Blow;2;0;39475379;69727697;109586673
2001;Bridget Jones's Diary;5;1;32896149;94083718;370446373
2001;Don't Say A Word;5;1;65792298;72368206;137490616
2001;Donnie Darko;4;0;5921307;1671811;10127447
2001;Dr. Dolittle 2;5;1;94740909;148625750;231722738
2001;Evolution;5;1;105267677;50411551;129402834
2001;From Hell;4;0;46054609;41578506;90414888
2001;Ghost World;5;1;7237153;8181731;11528926
2001;Gosford Park;5;1;23685227;54344576;54344576
2001;Hannibal;5;1;114478598;217235991;460678038
2001;Harry Potter and the Sorcerer's Stone;5;1;164480745;417880504;1282627914
2001;Hedwig and the Angry Inch;5;1;7895076;4036110;4794811
2001;High Heels and Low Lifes;5;1;13158460;298423;298423
2001;Impostor;1;0;52633838;8045394;8045394
2001;Jason X;5;1;18421843;17265945;22305955
2001;Jay and Silent Bob Strike Back;5;1;28948611;39553522;44426118
2001;Jeepers Creepers;5;1;13158460;49876055;77554691
2001;Josie and the Pussycats;5;1;28948611;18754529;18754529
2001;"Kate &amp; Leopold";3;0;63160606;61970361;93343188
2001;Kiss of the Dragon;2;0;32896149;48467177;48467177
2001;Kissing Jessica Stein;5;1;1973769;9244768;11621399
2001;L.I.E.;2;0;921092;1501334;1501334
2001;Lara Croft: Tomb Raider;1;0;123689520;172565543;361389438
2001;Legally Blonde;5;1;23685227;126970485;186599109
2001;Lovely and Amazing;5;1;328961;5540210;6178924
2001;Monkeybone;4;0;98688447;7118091;7118091
2001;Monsoon Wedding;5;1;1579015;18259960;35561527
2001;"""Monsters"; ; ; ;151322285;380836644
2001;Moulin Rouge!;5;1;69739836;75511622;235816959
2001;Mulholland Dr.;5;1;19737689;9499853;15684329
2001;Nowhere in Africa;5;1;8552999;8123355;8123355
2001;Ocean's Eleven;2;0;111846906;241348715;593089313
2001;Osmosis Jones;4;0;92109217;17891440;17891440
2001;Pearl Harbor;3;0;199350663;261247866;591130447
2001;Save the Last Dance;5;1;17105997;119792347;173215693
2001;Shallow Hal;5;1;52633838;93209654;93209654
2001;Shaolin Soccer;1;0;13158460;643280;56286669
2001;Shrek;2;0;65792298;352192764;647149877
2001;Someone Like You...;5;1;30264457;35972640;50903377
2001;Spy Kids;5;1;46054609;148285394;260132301
2001;Super Troopers;2;0;3947538;24333100;30325173
2001;The Fast and the Furious;2;0;50002146;190155939;271738388
2001;The Glass House;5;1;28948611;23621318;30082587
2001;The Legend of Suriyothai;5;1;11842614;597730;597730
2001;The Lord of the Rings: The Fellowship of the Ring;2;0;143427209;415208284;1167441808
2001;The Majestic;2;0;94740909;36575310;49089389
2001;The One;1;0;64476452;57773198;57773198
2001;The Others;5;1;22369381;127008987;276257960
2001;The Princess Diaries;5;1;39475379;142433448;217555094
2001;The Royal Tenenbaums;5;1;36843687;68889320;93992029
2001;The Wedding Planner;5;1;36843687;79478222;124648152
2001;Thir13en Ghosts;2;0;25001073;55091786;90093288
2001;Training Day;2;0;59213068;100347776;137512958
2001;Valentine;3;0;13158460;26822383;26822383
2001;Vanilla Sky;2;0;92109217;132393654;266756984
2001;Zoolander;5;1;36843687;59439723;79978408
2000;28 Days;5;1;58175060;50105659;83966868
2000;Almost Famous;5;1;81174503;43999763;64088881
2000;American Psycho;2;0;10823267;20388715;38793859
2000;Beautiful Creatures;5;1;67645419;26316961;75682603
2000;Best in Show;5;1;8117450;25192844;27998998
2000;Billy Elliot;5;1;6764542;29757576;147846184
2000;Boiler Room;2;0;12176175;22950688;38928095
2000;Bring It On;5;1;13529084;92476091;122375366
2000;Cast Away;2;0;114997212;316082883;578003746
2000;Cecil B. Demented;5;1;13529084;1727642;2643423
2000;Center Stage;5;1;24352351;23271276;23271276
2000;Charlie's Angels;5;1;121761754;169526922;351399133
2000;Chicken Run;5;1;56822152;144482383;308184297
2000;Chocolat;5;1;33822710;96475572;206318992
2000;Coyote Ugly;3;0;60880877;82238253;156648214
2000;Dancer in the Dark;5;1;16911355;5624704;61635111
2000;"""Dude";3; ; ;18940717;63220562
2000;Dune;5;1;60880877;37133914;37133914
2000;Erin Brockovich;5;1;67645419;169855868;348786874
2000;Final Destination;2;0;31116893;72113147;151575620
2000;Gladiator;1;0;139349563;253918993;619204256
2000;Gone in Sixty Seconds;2;0;139755436;137513677;314744675
2000;High Fidelity;3;0;27058168;36903356;64779503
2000;Hollow Man;5;1;121761754;99045530;258676083
2000;Little Nicky;2;0;108232671;53362591;78834500
2000;"Love &amp; Basketball";5;1;20293626;37125324;37488584
2000;Meet the Parents;3;0;74409961;224887250;412095756
2000;Memento;2;0;6764542;34559865;53741710
2000;Miss Congeniality;5;1;60880877;144500988;288738993
2000;Mission to Mars;2;0;121761754;82357777;143408288
2000;"""O Brother"; ; ; ;35175618;61566286
2000;Pitch Black;5;1;31116893;53081479;71950493
2000;Pokemon: The Movie 2000;3;0;40587251;59185579;181217915
2000;Red Planet;1;0;108232671;23650043;45273684
2000;Remember the Titans;2;0;40587251;156470282;184951617
2000;Requiem for a Dream;5;1;6088088;4918474;9998139
2000;Return to Me;4;0;32469801;44189098;44189098
2000;Romeo Must Die;1;0;33822710;75726795;123164396
2000;Rugrats in Paris:;5;1;40587251;103499437;139734889
2000;Saving Grace;5;1;5411634;16476533;37593061
2000;Scream 3;5;1;54116335;120595650;218952089
2000;Sexy Beast;3;0;5817506;9397377;13738212
2000;Shanghai Noon;2;0;74409961;77024193;96313324
2000;Snatch.;1;0;13529084;40713217;113093815
2000;Songcatcher;5;1;2435235;4127634;4127634
2000;The Beach;2;0;67645419;53816800;53816800
2000;The Cell;3;0;47351793;82907528;116230018
2000;The Emperor's New Groove;5;1;135290838;120810082;229042753
2000;The Gift;4;0;13529084;16246592;60295888
2000;The Patriot;4;0;148819922;153325570;291281175
2000;The Road to El Dorado;1;0;128526296;68731346;88886081
2000;The Way of the Gun;3;0;12176175;8182195;17671601
2000;The Whole Nine Yards;5;1;32469801;77470905;115711368
2000;Thirteen days;2;0;108232671;46765640;90042204
2000;Titan A.E.;5;1;101468129;30781343;49722060
2000;Unbreakable;1;0;99091212;128525137;335655410
2000;Urbania;2;0;304404;1396303;1396303
2000;Vertical Limit;2;0;101468129;92638183;288845939
2000;What Lies Beneath;5;1;121761754;210329023;390576517
2000;What Women Want;2;0;87939045;247318583;503417209
2000;Where the Heart Is;5;1;20293626;45689304;55282615
2000;"""Wo hu cang long (Crouching Tiger";5; ; ;20293626;173264011
2000;X-Men;2;0;101468129;212812106;400920487
1999;10 Things I Hate About You;5;1;18180006;53390436;84486720
1999;8MM;2;0;55938481;50964770;134810098
1999;American Beauty;5;1;20976930;181881240;498213351
1999;American Pie;3;0;16781544;142364760;328251410
1999;Analyze This;2;0;41953861;149475534;247367876
1999;Anna and the King;3;0;104884652;54891212;54891212
1999;Anywhere But Here;4;0;32164627;26086372;26086372
1999;Austin Powers: The Spy Who Shagged Me;2;0;48946171;288139235;433988407
1999;Being John Malkovich;5;1;18180006;31967340;45285530
1999;Black and White;5;1;13984620;7329780;7329780
1999;Blue Streak;2;0;50344633;95386564;164246788
1999;Boys Don't Cry;5;1;2796924;16139101;29005501
1999;But I'm a Cheerleader;5;1;1678154;3084486;3676824
1999;Carrie 2: The Rage;5;1;29367703;24837027;24837027
1999;Cruel Intentions;5;1;15383082;53463308;106008618
1999;Dick;5;1;18180006;8777963;8777963
1999;Dogma;4;0;13984620;42864850;61460819
1999;Drop Dead Gorgeous;5;1;13984620;14783713;14783713
1999;Election;5;1;11886927;20898032;24057538
1999;Eyes Wide Shut;5;1;90900032;77882040;120627912
1999;Fight Club;2;0;90900032;51785192;141040144
1999;Flawless;2;0;37758475;6272780;6272780
1999;For Love of the Game;3;0;69923101;49209977;64486776
1999;Galaxy Quest;2;0;62930791;99883369;126593993
1999;"""Girl";5; ; ;33563089;40375263
1999;Go!;5;1;9090003;23599429;39693164
1999;Jawbreaker;5;1;4195386;4302816;4302816
1999;Magnolia;2;0;51743095;31396836;67751013
1999;Muppets From Space;5;1;33563089;22801624;22801624
1999;Mystery Men;1;0;95095418;41621042;46795352
1999;Notting Hill;5;1;58735405;162347007;508660113
1999;Office Space;2;0;13984620;15142285;17939209
1999;Payback;2;0;69923101;114011185;226027993
1999;Pocket Monsters: Mewtwo Strikes Back!;2;0;41953861;119910654;228850846
1999;Ravenous;2;0;16781544;2884196;2884196
1999;Sleepy Hollow;5;1;97892342;141340236;289577211
1999;"South Park: Bigger Longer &amp; Uncut";4;0;29367703;72772612;72772612
1999;Star Wars: Episode I - The Phantom Menace;5;1;160823133;663632711;1408313741
1999;Stuart Little;2;0;146838513;195805974;417860454
1999;Tarzan;3;0;202776994;239265412;626779240
1999;The 13th Warrior;4;0;174807753;45728169;86283567
1999;The Blair Witch Project;5;1;839077;196538593;347238122
1999;The Boondock Saints;1;0;9789234;42613;575990
1999;The Green Mile;2;0;83907722;191311527;406534833
1999;The Haunting;5;1;111876962;127524221;251987342
1999;The Iron Giant;1;0;69923101;32387409;43819293
1999;The Matrix;5;1;90900032;239808171;643684004
1999;The Mummy;2;0;111876962;217300705;582299294
1999;The Sixth Sense;4;0;55938481;410457404;940894052
1999;The Talented Mr. Ripley;4;0;55938481;113683964;180110910
1999;Three to Tango;2;0;27969241;14782268;14782268
1999;Topsy-Turvy;5;1;27969241;8672922;8672922
1999;Toy Story 2;2;0;125861583;343814937;715115132
1999;Virus;4;0;104884652;19593418;42830263
1999;Wild Wild West;3;0;244730855;159152923;309380824
1999;Wing Commander;3;0;41953861;16191424;16191424
1998;54;2;0;18578720;23948203;23948203
1998;A Bug's Life;5;1;64310954;232660690;518911253
1998;American History X;3;0;14291323;9603575;9603575
1998;Armageddon;2;0;200078524;288081893;792596781
1998;Beloved;5;1;75744013;32659228;32659228
1998;Blade;2;0;64310954;100242021;187556021
1998;Bride of Chucky;2;0;35728308;46309872;72445844
1998;Buffalo '66;2;0;2143698;3402201;3402201
1998;Dark City;2;0;38586572;20629634;38953947
1998;Deep Impact;5;1;114330585;200742590;499431243
1998;Disturbing Behavior;2;0;21436985;25020345;25020345
1998;Elizabeth;5;1;35728308;42992157;117404137
1998;Enemy of the State;2;0;121476247;159419475;358211780
1998;Ever After;5;1;37157440;93902242;93902242
1998;Fear and Loathing in Las Vegas;2;0;26438948;15263526;19596124
1998;Festen (The Celebration);4;0;1857872;2354896;2354896
1998;Get Real;3;0;2858265;1646948;1646948
1998;Godzilla;4;0;178641539;194811162;537353750
1998;Halloween H20: 20 Years Later;5;1;24295249;78661926;78661926
1998;Happiness;5;1;4287397;3925045;8212442
1998;Hope Floats;5;1;42873969;85905591;116515728
1998;Little Voice;5;1;8574794;6566863;31136839
1998;"""Lock";2; ; ;1929329;5570142
1998;Lost in Space;5;1;114330585;98778237;194429617
1998;Mercury Rising;2;0;85747939;47137546;47137546
1998;Mulan;4;0;128621908;172382303;433741657
1998;Out of Sight;3;0;68598351;53681880;110847172
1998;Pi;3;0;97181;4603452;6686214
1998;Practical Magic;5;1;85747939;66955646;97662611
1998;Primary Colors;5;1;92893600;55761862;55761862
1998;Quest for Camelot;5;1;57165293;32544916;54553553
1998;Rounders;2;0;17149588;32758425;32758425
1998;Run Lola Run;2;0;2500982;10385968;20769827
1998;Rush Hour;5;1;50019631;201774709;350566156
1998;Rushmore;2;0;14291323;24445621;27268466
1998;Safe Men;1;0;1429132;30312;30312
1998;Saving Private Ryan;1;0;92893600;309171460;693179313
1998;Shakespeare in Love;5;1;37157440;143367401;399442481
1998;Six Days Seven Nights;2;0;114330585;106240687;235521005
1998;Sliding Doors;5;1;8574794;17022681;84046055
1998;Slums of Beverly Hills;5;1;7145662;7864191;7864191
1998;Small Soldiers;2;0;57165293;78807819;102531416
1998;Smoke Signals;5;1;2858265;9602769;11085232
1998;Sphere;2;0;104326659;52975497;71697130
1998;Star Trek: Insurrection;5;1;100039262;100307450;168351786
1998;Stepmom;5;1;71456616;130247778;228297140
1998;The Avengers;5;1;85747939;33420854;69434988
1998;The Big Lebowski;2;0;21436985;25008106;66011004
1998;The Faculty;4;0;21436985;57570196;57570196
1998;The Man in the Iron Mask;2;0;50019631;81415051;81415051
1998;The Mask of Zorro;2;0;92893600;134093691;333988221
1998;The Negotiator;2;0;71456616;63890455;70178637
1998;The Prince of Egypt;2;0;85747939;144932864;312408324
1998;The Proposition;3;0;28582646;2720259;7593849
1998;The Thin Red Line;2;0;74314880;52021118;52021118
1998;The Truman Show;2;0;85747939;179525030;354996466
1998;There's Something About Mary;5;1;31440911;252219917;514630544
1998;Urban Legend;5;1;20007852;54473818;103714796
1998;Vampires (John Carpenter's);1;0;28582646;28966833;28966833
1998;Velvet Goldmine;3;0;12862191;1506002;6948401
1998;Wild Things;3;0;28582646;42581425;79426456
1998;You've Got Mail;5;1;92893600;165524241;358426384
1997;A Simple Wish;5;1;40634668;11849668;11849668
1997;Air Bud;2;0;4353714;35768573;40327947
1997;Air Force One;2;0;123355241;251000935;457529453
1997;Alien: Resurrection;5;1;87074287;69361952;233213967
1997;Anastasia;5;1;76915621;84757254;202885136
1997;As Good as It Gets;5;1;72561906;215476950;455851198
1997;Austin Powers: International Man of Mystery;3;0;26122286;78198499;98225585
1997;"Batman &amp; Robin";3;0;181404766;155754415;345855898
1997;Boogie Nights;4;0;21768572;38328318;62565379
1997;Cats Don't Dance;5;1;46439620;5207916;5207916
1997;Chasing Amy;5;1;362810;17424311;21993652
1997;Cinderella;5;1;4208591;123355241;123355241
1997;Clockwatchers;5;1;2902476;780691;783612
1997;Con Air;2;0;116099050;146745677;325247966
1997;Conspiracy Theory;3;0;116099050;110466780;207213175
1997;Contact;5;1;130611431;146459429;240760405
1997;Eve's Bayou;5;1;7256191;21541344;21541344
1997;Event Horizon;5;1;87074287;38709226;38709226
1997;Fever Pitch;5;1;58049525;61055139;72665044
1997;Flubber;3;0;116099050;134956149;258311390
1997;G.I. Jane;5;1;72561906;69904916;69904916
1997;Gattaca;2;0;52244573;18188044;18188044
1997;George of the Jungle;5;1;79818097;152762052;253187730
1997;Good Will Hunting;1;0;14512381;200899879;327883215
1997;Grosse Pointe Blank;5;1;21768572;40757090;45090566
1997;Hercules;5;1;101586669;143835260;363825398
1997;I Know What You Did Last Summer;5;1;24671048;104852087;181767707
1997;In the Company of Men;2;0;36281;4184879;4184879
1997;Jackie Brown;5;1;17414858;57575205;108447385
1997;Kiss the Girls;3;0;39183429;87840357;87840357
1997;L.A. Confidential;2;0;50793334;93757206;160514159
1997;Liar Liar;2;0;65305716;263270001;439305185
1997;Men in Black;2;0;130611431;363811668;853024040
1997;Mononoke-hime;5;1;29024763;3445395;218193652
1997;Mortal Kombat: Annihilation;5;1;43537144;52139221;74488288
1997;Must love Dogs;3;0;50793334;63701899;85470471
1997;My Best Friend's Wedding;3;0;66756954;184036082;433809062
1997;Orgazmo;2;0;1451238;844655;910343
1997;Scream 2;5;1;34829715;147102287;147102287
1997;Selena;5;1;29024763;51446556;51446556
1997;Smilla's Sense of Snow;5;1;50793334;3224642;3224642
1997;Spawn;5;1;58049525;79789061;127636188
1997;Starship Troopers;5;1;145123812;79482791;175744937
1997;The Devil's Advocate;5;1;82720573;88536300;222050207
1997;The Fifth Element;2;0;137867622;92256459;382981741
1997;The Game;2;0;72561906;70044851;70044851
1997;The Lost World: Jurassic Park;4;0;108842859;332459322;1141669701
1997;The Peacemaker;4;0;72561906;59882642;91380645
1997;The Postman;2;0;116099050;25615375;25615375
1997;Titanic;5;1;290247625;955890356;3171930973
1997;Volcano;5;1;130611431;69001723;174293699
1996;August;4;0;5049561;18767;18767
1996;Bound;5;1;6683242;5646983;10412962
1996;Broken Arrow;1;0;96535720;104920957;220318272
1996;Chain Reaction;2;0;81684071;31524414;89420791
1996;DragonHeart;3;0;84654401;76285021;154998762
1996;Emma;5;1;8762473;33017679;56186252
1996;Escape from L.A.;2;0;74258246;37763082;37763082
1996;Eye for an Eye;5;1;29703299;39791578;39791578
1996;Fargo;5;1;10396154;36487162;76047227
1996;Freeway;5;1;4455495;438856;438856
1996;From Dusk Till Dawn;2;0;29703299;38211750;38211750
1996;Hamlet;2;0;2970330;2342531;3593608
1996;Harriet the Spy;5;1;19307144;39460903;39460903
1996;Independence Day;5;1;111387369;454711839;1213975115
1996;Jingle All the Way;2;0;89109896;89989691;192822510
1996;Kingpin;2;0;37129123;37163912;47857099
1996;Love and Other Catastrophes;5;1;371291;315278;1103798
1996;Mars Attacks!;5;1;118813194;56096190;150552679
1996;Mission: Impossible;2;0;118813194;268787949;679757008
1996;Romeo + Juliet;4;0;21534891;68820654;219124769
1996;Scream;5;1;22277474;153041290;257002834
1996;"Secrets &amp; Lies";5;1;6683242;19926891;19926891
1996;Set It Off;5;1;13366484;53538871;53538871
1996;Space Jam;2;0;118813194;134353268;371588265
1996;Spy Hard;2;0;26732969;40004796;40004796
1996;Star Trek: First Contact;5;1;68317587;136676591;222774739
1996;Striptease;4;0;74258246;49173429;168283656
1996;That Thing You Do!;5;1;3712912;38402527;51323462
1996;The Cable Guy;2;0;69802752;89466773;152713266
1996;The Craft;5;1;22277474;36786742;82678338
1996;The English Patient;5;1;51980772;116906798;344137032
1996;The Fan;2;0;81684071;27598768;27598768
1996;The First Wives Club;5;1;44554948;156668864;269541399
1996;The Glimmer Man;2;0;66832422;30304554;54067193
1996;The Hunchback of Notre Dame;2;0;148516493;148722709;483421183
1996;The Long Kiss Goodnight;2;0;96535720;49675220;49675220
1996;The Mirror Has Two Faces;5;1;62376927;61288998;61288998
1996;The Rock;2;0;111387369;199115335;499118651
1996;Trainspotting;3;0;4604011;24507872;35645124
1996;Twister;5;1;130694514;359244145;736493287
1996;Walking and Talking;5;1;1485165;1912120;2399710
1996;When the Cat's Away;5;1;445549;2454193;3751503
1995;Apollo 13;5;1;99370665;263057839;510765217
1995;Assassins;2;0;76438973;46331600;127356911
1995;Batman Forever;2;0;152877946;281342983;514478842
1995;Before Sunrise;1;0;3821949;8062791;8062791
1995;Braveheart;3;0;110072121;115492633;319514907
1995;Casino;3;0;79496532;64878801;168777252
1995;Casper;5;1;84082870;153379682;431574441
1995;Clueless;5;1;20944279;86526587;86526587
1995;Congo;1;0;76438973;123865278;232408620
1995;Copycat;4;0;30575589;49000312;49000312
1995;Die Hard: With a Vengeance;2;0;137590151;152897054;557210677
1995;Four rooms;2;0;6115118;6575280;6575280
1995;Home for the holidays;5;1;30575589;26706076;33815484
1995;Jumanji;5;1;99370665;153578601;401699506
1995;Mallrats;2;0;9325555;3223228;3223228
1995;Mortal Kombat;2;0;30575589;107676871;186714768
1995;Outbreak;5;1;76438973;103687285;103687285
1995;Pocahontas;5;1;84082870;216444248;530639350
1995;Pride and Prejudice;5;1;42805825;58663337;184857731
1995;Sabrina;5;1;88669209;81725980;133156691
1995;Safe;5;1;50449722;26206460;63437029
1995;Se7en;2;0;45863384;153070026;501631742
1995;Sense and Sensibility;5;1;25224861;65727998;206375709
1995;Showgirls;5;1;61151178;31111815;57712577
1995;Species;4;0;53507281;91810008;173293953
1995;Tank Girl;5;1;38219486;6213469;6213469
1995;The American President;5;1;94784326;91761643;164837302
1995;The Bridges of Madison County;5;1;33633148;109333135;268326198
1995;The Incredibly True Adventures of Two Girls in Love;5;1;382195;3379226;3787024
1995;The Net;5;1;33633148;77389465;168963355
1995;The Quick and the Dead;2;0;48920943;28362620;28362620
1995;The Usual Suspects;2;0;9172677;35684110;52665468
1995;Toy Story;2;0;45863384;293190647;557286202
1995;Twelve Monkeys;2;0;44334604;87356689;258121354
1995;Waterworld;1;0;267536405;134909008;403974193
1995;Welcome to the Dollhouse;5;1;1223024;6418026;7697090
1994;Ace Ventura: Pet Detective;3;0;18859976;113501532;168509796
1994;Beverly Hills Cop III;1;0;78583235;66932266;187312473
1994;Clerks.;2;0;42435;4830398;6120440
1994;Crooklyn;5;1;22003306;20469628;20469628
1994;"Dumb &amp; Dumber";3;0;25146635;199877046;387258182
1994;Ed Wood;5;1;28289965;9160394;9160394
1994;Forrest Gump;2;0;86441558;518169206;1067789822
1994;Legends of the Fall;5;1;47149941;104519746;252256228
1994;Little Women;5;1;23574970;78588426;78588426
1994;Naked Gun 33 1/3: The Final Insult;3;0;47149941;80220683;80220683
1994;Police Academy: Mission to Moscow;2;0;15716647;198418;198418
1994;Priest;5;1;94299882;45793007;132261912
1994;Pulp Fiction;5;1;12573318;169627825;334652619
1994;Speed;5;1;47149941;190561429;445095443
1994;Stargate;2;0;86441558;112477236;308935323
1994;Street Fighter;5;1;55008264;52529749;156259619
1994;The Client;5;1;70724911;144774225;184851675
1994;The Hudsucker Proxy;2;0;62866588;4426622;23477761
1994;The Lion King;2;0;124633011;664468621;1497608078
1994;The Mask;2;0;28289965;188474233;552628944
1994;The Santa Clause;2;0;34576623;227629474;298301960
1994;The Shadow;1;0;62866588;50034889;50034889
1994;The Shawshank Redemption;1;0;39291617;44386120;44386120
1994;The Specialist;2;0;70724911;90154744;90154744
1994;Timecop;2;0;44006612;70494790;160394011
1994;True Lies;2;0;157166470;229906901;574129115
1993;Cliffhanger;2;0;104809829;135525899;411177020
1993;Cool Runnings;2;0;22574425;111027894;250021852
1993;Dazed and Confused;5;1;11125966;12820482;12820482
1993;Gettysburg;1;0;40311473;17304904;17304904
1993;Groundhog Day;3;0;23541900;114334580;114334580
1993;Hocus Pocus;5;1;45148849;63467174;63467174
1993;Jurassic Park;5;1;101584911;638063379;1669905770
1993;Mrs. Doubtfire;5;1;40311473;353443011;711555544
1993;Pieces of April;5;1;483738;4077367;5789647
1993;Schindler's List;5;1;40311473;154904378;518188770
1993;Super Mario Bros.;4;0;67723274;33611556;33611556
1993;The Age of Innocence;5;1;54823603;51622860;51622860
1993;The Fugitive;3;0;70948192;296492106;570351412
1993;The Princess and the Cobbler;1;0;38699014;1079180;1079180
1993;The Remains of the Day;1;0;24186884;37013943;103124758
1993;Tombstone;5;1;40311473;91112095;91112095
1992;A Few Good Men;2;0;54791459;234673774;392672121
1992;A League of Their Own;5;1;66413889;178543655;219896498
1992;Aladdin;1;0;46489723;360876835;836898388
1992;Alien 3;1;0;91319098;91198182;263165037
1992;Army of Darkness;3;0;18263820;19098934;35702407
1992;Batman Returns;1;0;132827779;270360376;443020974
1992;Buffy the Vampire Slayer;5;1;11622431;23629512;23629512
1992;Death Becomes Her;5;1;91319098;97001885;247429345
1992;El Mariachi;1;0;11622;3388636;3390310
1992;Glengarry Glen Ross;1;0;20754340;17807603;17807603
1992;Hero;2;0;69734584;32355474;110889898
1992;Home Alone 2: Lost in New York;2;0;33206945;288212232;596056107
1992;Malcolm X;4;0;58112153;79978777;79978777
1992;My Cousin Vinny;2;0;18263820;87880798;87880798
1992;Reservoir Dogs;1;0;1992417;4702152;4702152
1992;The Crying Game;3;0;6641389;103849232;103849232
1992;The Mighty Ducks;2;0;16603472;84266502;84266502
1992;The Muppet Christmas Carol;2;0;19924167;45296775;45296775
1992;The Player;5;1;13282778;36039665;47945352
1992;Wayne's World;2;0;33206945;202059814;304005134
1991;Beauty and the Beast;5;1;34216807;374591278;772310338
1991;"Bill &amp; Ted's Bogus Journey";2;0;34216807;64220970;64220970
1991;Hook;3;0;119758826;204710301;514714575
1991;Hudson Hawk;5;1;111204624;29458817;29458817
1991;Robin Hood: Prince of Thieves;4;0;85542018;283133658;668083163
1991;Slacker;5;1;39349;2100070;2100070
1991;Star Trek VI: The Undiscovered Country;3;0;46192690;128123117;165780431
1991;Teenage Mutant Ninja Turtles II: The Secret of the Ooze;5;1;42771009;134569251;134569251
1991;Terminator 2: Judgement Day;4;0;171084037;350481895;884189932
1991;The Addams Family;5;1;51325211;194184224;327629772
1991;The Naked Gun 2 1/2: The Smell of Fear;2;0;39349328;148724056;148724056
1991;The Silence of the Lambs;5;1;34216807;223652543;471724395
1991;White Fang;2;0;23951765;59415931;59415931
1990;Back to the Future Part III;2;0;71319016;156307443;434511105
1990;Child's Play 2;5;1;23178680;47970190;60918157
1990;Dark Angel (I Come in Peace);1;0;12480828;7796169;7796169
1990;Die Hard 2;4;0;124808278;209185588;427582507
1990;Edward Scissorhands;5;1;35659508;96239640;96239640
1990;Flatliners;5;1;46357360;109310929;109310929
1990;Ghost;3;0;39225459;388031265;922868068
1990;Goodfellas;3;0;44574385;83343062;83343062
1990;Home Alone;3;0;26744631;509505267;849917050
1990;Nikita;5;1;12480828;8946919;8946919
1990;Predator 2;3;0;62404139;50489429;97650742
1990;Pretty Woman;5;1;24961656;318093987;771396947
1990;The Hunt for Red October;2;0;53489262;215222722;357486568
1990;Total Recall;2;0;222871925;104977970;354127435
1990;Tremors;5;1;17829754;29717001;29717001
1989;Back to the Future Part II;5;1;75183554;222637302;624023495
1989;Batman;2;0;65785609;472131898;773166847
1989;"Bill &amp; Ted's Excellent Adventure";3;0;18795888;76095227;76095227
1989;Dead Poets Society;2;0;30825257;180177604;450161527
1989;Henry V;5;1;16916300;19098688;19098688
1989;Indiana Jones and the Last Crusade;1;0;90220264;370601926;891248035
1989;Licence to Kill;3;0;78942731;65159735;293529779
1989;Major League;2;0;20675477;93590469;93590469
1989;Road House;2;0;18795888;56481697;56481697
1989;"""Sex"; ; ;36741667; ;2255507
1989;Star Trek V: The Final Frontier;2;0;56387665;98133425;131947137
1989;The Abyss;5;1;131571219;101954772;101954772
1989;Troop Beverly Hills;5;1;33832599;13515193;13515193
1989;UHF;2;0;9397944;11572924;11572924
1988;Action Jackson;2;0;13787529;39899139;39899139
1988;Akira;2;0;15757176;38576;38576
1988;Beetle Juice;5;1;29544705;144427648;144427648
1988;Bloodsport;2;0;2954471;23253887;23253887
1988;Child's Play;5;1;17726823;65480292;87051866
1988;Dangerous Liaisons;5;1;27575058;68346751;68346751
1988;Die Hard;5;1;55150116;160231261;273996307
1988;Midnight Run;3;0;59089410;75661244;160749995
1988;My Stepmother Is an Alien;5;1;31514352;27287490;27287490
1988;Mystic Pizza;5;1;11817882;25198114;25198114
1988;Poltergeist III;5;1;18711647;27799598;27799598
1988;Rain Man;2;0;49241175;340405101;813070285
1988;Scrooged;5;1;63028704;118825964;118825964
1988;The Land Before Time;5;1;24226658;94725930;161457571
1988;The Last Temptation of Christ;3;0;13787529;16493007;16493007
1988;They Live;1;0;7878588;25605411;25605411
1988;Twins;3;0;29544705;220475172;426625542
1988;Who Framed Roger Rabbit;2;0;137875291;303547209;692330924
1988;Young Guns;2;0;25605411;88095701;88095701
1987;Beverly Hills Cop II;2;0;41007948;315074388;567273267
1987;Evil Dead II;4;0;7176391;12144594;12144594
1987;Fatal Attraction;4;0;28705563;321185920;656332204
1987;"""Good Morning";2; ; ;26655166;254090104
1987;Hellraiser;5;1;2050397;29861988;29861988
1987;Lethal Weapon;2;0;30755961;133670224;246442080
1987;Predator;1;0;36907153;122481612;201487544
1987;Radio Days;2;0;32806358;30331075;30331075
1987;RoboCop;2;0;246047687;112289613;454321579
1987;Spaceballs;4;0;46544021;78160088;78160088
1987;Superman IV: The Quest for Peace;5;1;34856756;23021501;23021501
1987;The Last Emperor;4;0;51259935;90184679;90184679
1987;The Lost Boys;2;0;17428378;66069067;66069067
1987;The Princess Bride;3;0;30755961;63269112;63269112
1986;Aliens;5;1;36104000;180860331;389321020
1986;Crocodile Dundee;4;0;10618824;371241520;696594829
1986;Highlander;5;1;33980236;12530212;27396565
1986;Howard The Duck;4;0;63712942;34608390;34608390
1986;Little Shop of Horrors;2;0;63712942;82290329;82290329
1986;Peggy Sue Got Married;5;1;38227765;87887418;87887418
1986;Platoon;1;0;12742588;293001649;293001649
1986;Stand By Me;1;0;16990118;111046165;111046165
1986;The Clan of the Cave Bear;5;1;31856471;4149267;4149267
1986;Top Gun;3;0;31856471;381854174;757760530
1985;Back to the Future;2;0;41136059;455981879;831110482
1985;Brazil;5;1;32475836;21497131;21497131
1985;Commando;2;0;21650558;75937118;75937118
1985;Day of the Dead;1;0;38971004; ; 
1985;Ladyhawke;1;0;43301115;39837026;39837026
1985;Legend;4;0;54126394;33562937;33562937
1985;My Beautiful Laundrette;3;0;866022; ; 
1985;Red Sonja;5;1;38754498;14951574;14951574
1985;Return to Oz;5;1;58456506;22990322;22990322
1985;The Color Purple;5;1;32475836;202626921;202626921
1984;A nightmare on Elm Street;3;0;78450540;141379105;263884353
1984;Amadeus;5;1;40345992;116494634;116494634
1984;Beverly Hills Cop;1;0;33621660;526202467;708968739
1984;Body Double;3;0;22414440;19729056;19729056
1984;Conan the Destroyer;4;0;40345992;59174122;59174122
1984;Dune;4;0;100864980;61521969;61521969
1984;Friday the 13th Part IV: The Final Chapter;5;1;5827754;73924796;73924796
1984;Ghostbusters;2;0;67243320;534880544;653677077
1984;Gremlins;2;0;24655884;332111304;332111304
1984;Indiana Jones and the Temple of Doom;1;0;62760432;403191555;746580777
1984;Police Academy;4;0;10086498;182002774;182002774
1984;Repo Man;3;0;3362166;5155321;5155321
1984;Splash;2;0;17931552;140313263;140313263
1984;Star Trek III: The Search for Spock;2;0;40345992;171405568;195005629
1984;The Karate Kid;5;1;89657760;395820224;804883755
1984;The Terminator;3;0;14345242;85217529;174875289
1983;Flashdance;5;1;16375486;211626424;471294841
1983;Star Wars: Episode VI - Return of the Jedi;1;0;76029041;723340482;1339748672
1983;Superman III;5;1;91234849;140245796;140245796
1983;Videodrome;3;0;13923842;4960460;4960460
1983;WarGames;2;0;28072261;174127177;174127177
1982;Blade Runner;2;0;67571504;78808471;79974780
1982;Cat People;5;1;30165850;16892876;50678628
1982;Conan the Barbarian;2;0;48265360;92341492;190923490
1982;Diner;2;0;12066340;30390060;30390060
1982;E.T.: The Extra-Terrestrial;4;0;25339314;1050038377;1913637848
1982;Fast Times at Ridgemont High;3;0;10859706;65382380;65382380
1982;First Blood;1;0;33785752;113937390;302172295
1982;Friday the 13th Part III;4;0;5429853;88542965;88542965
1982;Poltergeist;5;1;25821968;180285645;293709241
1982;Porky's;3;0;9653072;264234708;264234708
1982;Star Trek: The Wrath of Khan;4;0;28959216;192851397;233604343
1982;The Best Little Whorehouse in Texas;5;1;49471994;168208730;168208730
1982;Tootsie;2;0;36199020;427631090;427631090
1982;TRON;1;0;41025556;64961738;64961738
1981;Das Boot;1;0;30742635;29430119;217684336
1981;Escape from New York;1;0;15371317;64674049;64674049
1981;Friday the 13th Part 2;2;0;3202358;55651281;55651281
1981;Halloween II;5;1;6404716;65414737;65414737
1981;Heavy Metal;2;0;23825542;50138908;50138908
1981;History of the World: Part I;2;0;28180748;81140060;81140060
1981;Raiders of the Lost Ark;1;0;51237724;635757611;998945973
1981;The Evil Dead;2;0;960707;6148527;75319455
1981;Time Bandits;2;0;30742635;95814545;95814545
1980;Airplane!;4;0;9897188;235987236;235987236
1980;Can't Stop the Music;5;1;56555357;5655536;5655536
1980;Fame;5;1;50899822;63498970;220444178
1980;Flash Gordon;4;0;98971875;76655018;76655018
1980;Friday the 13th;3;0;48072054;183810620;259308493
1980;Heaven's Gate;1;0;124421786;9852879;9852879
1980;Private Benjamin;5;1;42416518;197512086;197512086
1980;Raging Bull;2;0;50899822;66113787;66113787
1980;Somewhere in Time;3;0;14421616;27456486;27456486
1980;Star Wars: Episode V - The Empire Strikes Back;1;0;65038661;820821721;1510514303
1980;Superman II;4;0;152699465;305924063;305924063
1980;The Blues Brothers;2;0;76349732;161832844;161832844
1980;The Fog;5;1;50899822;83450574;104764631
1980;The Shining;3;0;53727589;124470916;124470916
1979;Alien;5;1;28886103;259752278;653566146
1979;Apocalypse Now;1;0;101101360;252913878;252913878
1979;Moonraker;2;0;99496576;225632559;674971936
1979;Star Trek: The Motion Picture;2;0;112334844;264014024;446129810
1979;The Amityville Horror;5;1;59376989;209370867;350406635
1978;Animal House;3;0;10712118;505611968;505611968
1978;Dawn of the Dead;1;0;99979768;210638678;369399800
1978;Days of Heaven;5;1;10712118;12307327;13071926
1978;Grease;5;1;21424236;649203517;1383697739
1978;Halloween;4;0;53560590;208062006;276781136
1978;I Spit on Your Grave;1;0;6248735;332258;4565044
1978;Superman;2;0;196388829;479253080;1071925937
1978;The Deer Hunter;2;0;53560590;178535299;178535299
1977;A Bridge Too Far;2;0;99921804;195231833;195231833
1977;Annie Hall;5;1;15372585;147005823;147005823
1977;Close Encounters of the Third Kind;2;0;76862926;637962288;1297830510
1977;Eraserhead;1;0;384315;26902024;26902024
1977;High Anxiety;2;0;13066697;119379800;119379800
1977;Julia;5;1;23058878;250220;5246310
1977;Star Wars;2;0;42274609;1771682790;3066446442
1976;Assault on Precinct 13;2;0;122754817;82003880;147473116
1976;Family Plot;5;1;12275482;54012120;54012120
1976;Logan's Run;3;0;28642791;102295681;102295681
1976;Network;5;1;15548943;96934884;96934884
1976;Rocky;2;0;4091827;479705967;920661128
1976;Silent Movie;2;0;18004040;147901939;147901939
1976;Sparkle;5;1;40918272;99830228;100905781
1976;Taxi Driver;2;0;4091827;115645570;115645570
1975;Barry Lyndon;2;0;47609104;86562007;86562007
1975;Jaws;2;0;51937204;1125306085;2037236823
1975;Monty Python and the Holy Grail;3;0;1731240;14835412;21765791
1975;One Flew Over the Cuckoo's Nest;3;0;19043641;471681892;471681892
1975;The Rocky Horror Picture Show;4;0;5193720;605399166;605399166
1974;Black Christmas;5;1;42513535;76693179;76693179
1974;Blazing Saddles;2;0;12281688;564485269;564485269
1974;The Conversation;2;0;7557962;20878869;20878869
1974;The Godfather: Part II;5;1;61408439;270669505;270669505
1974;The Texas Chain Saw Massacre;2;0;661322;125520924;125520924
1974;The Towering Inferno;2;0;661322;125520924;125520924
1974;Young Frankenstein;3;0;13226433;407657562;407657562
1973;American Graffiti;3;0;4074506;603047833;734145189
1973;High Plains Drifter;2;0;82329139;82329139;82329139
1973;Sleeper;2;0;10487788;96197818;96197818
1973;The Exorcist;5;1;62926730;1074306128;2111900435
1973;The Sting;2;0;28841418;837011132;837011132
1972;1776;2;0;22288557; ; 
1972;Pink Flamingos;5;1;66866;2305762;2305762
1972;The Godfather;2;0;39004975;752051643;1496119403
1971;Escape from the Planet of the Apes;2;0;14386286;70780525;70780525
1971;Shaft;2;0;305063707;404702718;616827003
1971;Straw Dogs;2;0;143862856;59412143;64760273
1971;The French Connection;2;0;12659931;236848653;236848653
1971;"Willy Wonka &amp; the Chocolate Factory";3;0;17263543;23018057;23018057
1970;Beyond the Valley of the Dolls;5;1;5997631;53978683;53978683
